-0.01157198,
0.004341449,
0.012584282,
0.001331747,
-0.014125081,
-0.009651171,
0.007063942,
0.002272193,
0.012065995,
0.009697941,
0.001931399,
-0.005142205,
-0.000874556,
-0.013061687,
0.016883082,
0.001723472,
0.009348085,
0.003372986,
-0.001822394,
0.001779304,1
0.002599863,1
0.010470048,0
-0.026993927,0
-0.00084085,1
0.000360667,0
-0.007670563,0
-0.001063645,1
0.016208865,1
0.006795099,1
0.001741406,0
-0.007920425,0
-0.001534522,1
0.000882668,0
-0.013425465,0
-0.003291618,1
0.004795467,1
0.012963148,1
0.010853565,1
0.003589265,0
-0.001849524,1
0.004545361,0
-0.003464933,1
0.016996298,0
-0.001417826,1
0.005261462,1
0.00624064,1
0.004196013,0
-0.004084303,1
0.008490773,0
-0.002970932,1
0.008320629,1
0.000500714,0
-0.000284577,0
-0.003891967,0
-0.003650966,1
0.005503934,1
0.005001672,1
0.003675085,1
0.009302779,1
0.007275081,0
-0.001242123,0
-0.002372092,1
0.004134558,0
-0.002583645,1
0.003609171,1
0.003174801,0
-0.002611041,1
0.008944809,0
-0.003946551,0
-0.001604877,1
0.009162978,0
-0.004268111,0
-0.017439929,1
0.005913272,1
0.00216602,1
0.01140094,1
0.002155928,0
-0.003375871,0
-0.018094095,1
0.001111256,1
0.004686226,0
-0.005783623,0
-0.011653863,0
-0.018126888,0
-0.015588748,1
0.018915734,0
-0.002020262,0
-0.010648986,0
-0.005977548,1
0.018166921,0
-0.003894414,0
-0.017643245,0
-0.004208293,0
-0.005989917,1
0.006949146,0
-0.012289717,0
-0.005703089,1
0.021999336,1
0.017263252,0
-0.012176507,1
0.008104955,1
0.002579747,0
-0.009937696,0
-0.013141029,1
0.008023359,0
-0.024000244,1
0.017698241,1
0.000541377,1
0.011281093,1
0.011251155,1
0.00511126,0
-0.00073498,1
0.012225546,1
0.00847416,1
0.001144087,1
0.00765419,1
0.009289958,1
0.007325307,1
0.006792614,0
-0.002423374,1
0.00688133,0
-0.001746126,0
-0.002148859,1
0.002747227,0
-0.002622217,0
-0.015543797,1
0.015564277,1
0.009020133,0
-0.000261553,0
-0.001298762,0
-0.007035533,1
0.022250174,1
0.013194096,0
-0.00032749,1
0.008271833,0
-0.004377256,1
0.000181299,1
0.000747723,0
-0.0072407,1
0.016694339,0
-0.012665099,0
-0.009128789,0
-0.015220302,0
-0.003855736,1
0.012836754,0
-0.020298805,0
-0.001210751,0
-0.007499717,0
-0.000841183,1
0.015872261,0
-0.018854938,1
0.007630601,0
-0.026421975,1
0.002943022,0
-0.012557233,1
0.027526316,1
0.003982007,0
-0.003071078,1
0.023249705,0
-0.000527429,0
-0.012674307,0
-0.000345284,0
-0.00651062,0
-0.007791552,0
-0.005726354,0
-0.011948325,1
0.001011399,1
0.013710866,1
0.00467058,0
-0.019122658,0
-0.007182539,0
-0.006043515,1
0.014121259,1
0.007680027,0
-0.003895538,1
0.017000185,0
-0.009814378,0
-0.003564718,1
0.015274539,1
0.002993669,1
0.011924653,1
0.009201502,1
0.007667925,1
0.004366832,1
0.004329423,0
-0.000110062,0
-0.010635907,0
-0.021987242,1
0.009437227,1
0.000201912,1
0.007103053,0
-0.006861831,0
-0.000126732,1
0.011613878,0
-0.004598715,1
0.012209563,0
-0.009556795,1
0.008472527,1
0.002586803,0
-0.00849005,0
-0.010501658,1
0.018329185,0
-0.023495726,0
-0.025932578,0
-0.023128745,0
-0.037018138,0
-0.03822508,0
-0.036427826,1
0.002714631,1
0.006200726,0
-0.013276917,1
0.048268286,1
0.006808981,0
-0.016954884,0
-0.06218491,0
-0.01958874,1
0.038569007,0
-0.012326362,1
0.005584746,1
0.008143581,1
0.028415638,1
0.007827275,1
0.019681965,1
0.000313811,0
-0.006885734,0
-0.04386026,0
-0.010706506,1
0.037782092,1
0.007188594,0
-0.018254776,0
-0.035175103,1
0.014246838,1
0.037213654,0
-0.010412478,1
0.009352313,1
0.008873921,0
-0.028976206,0
-0.057265835,0
-0.026351447,1
0.050220547,0
-0.0072708,1
0.026812297,1
0.000203471,0
-0.035860198,0
-0.023250634,1
0.026282313,1
0.028912718,1
0.003790268,1
0.016179434,1
0.008066762,1
0.007515888,1
0.00674675,1
0.016225346,0
-0.014089793,1
0.009255533,0
-0.027388034,1
0.018442294,1
0.032604793,0
-0.005093978,1
0.00299685,1
0.014638576,1
0.003870887,0
-0.010598711,1
0.000314296,0
-0.006084948,0
-0.014778637,1
0.031257353,0
-0.004827812,0
-0.008316398,1
0.002306714,0
-0.049425173,1
0.027685096,1
0.021122112,0
-0.008771238,0
-0.015932178,1
0.011098719,0
-0.019982203,0
-0.010406868,1
0.003434009,0
-0.023643691,1
0.00670742,0
-0.010395196,1
0.021886962,1
0.022718258,0
-0.004853166,1
0.037168946,0
-7.3062E-05,1
0.003580301,0
-0.010442561,1
0.008723894,0
-0.003662565,0
-0.019682178,1
0.013340445,0
-0.018791847,0
-0.003385084,0
-0.020799354,1
0.011461649,0
-0.034256179,1
0.009077454,1
0.030869017,0
-0.000497725,1
0.010679354,0
-0.005634044,0
-0.007906501,0
-0.00917471,1
0.000339704,1
0.000345066,1
0.026851076,0
-0.004900262,0
-0.001328889,0
-0.011053044,0
-0.009033497,1
0.014634627,0
-0.004138742,1
0.010305871,1
0.005958478,0
-0.008748827,1
0.018001689,0
-0.000184917,1
0.011932001,1
0.018235273,1
0.001200068,1
0.002535562,1
0.003908685,0
-0.012357303,1
0.007853444,1
0.001763993,1
0.012790674,0
-0.006027314,1
0.000400539,1
0.004287604,1
0.011172846,1
0.005434864,0
-0.010379129,1
0.006033977,0
-0.001545564,1
0.011325051,0
-0.013760788,1
0.013026609,1
0.000706707,0
-0.000325942,1
0.002178595,0
-0.010277771,1
0.006021516,0
-0.014223547,1
0.006292814,1
0.013255544,1
0.00215737,0
-0.009126967,0
-0.007787467,0
-0.009103361,1
0.009388795,1
0.008766669,0
-0.00782837,1
0.01125593,1
0.009896101,0
-0.000645452,0
-0.004560222,1
0.006173689,0
-0.002369321,0
-0.007306026,0
-0.000547545,1
0.000350423,0
-0.003769433,1
0.010187253,0
-0.003931835,0
-0.008529635,0
-0.000183677,1
0.007571846,1
0.009850736,0
-0.014966232,1
0.005033166,1
0.000128156,0
-0.01574644,0
-0.001336952,0
-0.003900903,1
0.011214972,0
-0.008103897,0
-0.003678555,1
0.009686194,0
-0.002329723,0
-0.012605882,0
-0.001022966,0
-0.004668894,0
-0.000733414,1
0.00104996,1
0.005758539,1
0.00336143,1
0.008617602,0
-0.001980921,0
-0.002987304,0
-0.01644421,1
0.00540267,0
-0.008500211,0
-0.002748309,0
-0.014293574,0
-0.001773484,0
-0.007717912,0
-0.030769474,1
0.002559045,0
-0.034022675,1
0.009352244,1
0.016430163,0
-0.01097507,1
0.00323451,1
0.005345914,1
0.014110527,0
-0.002729863,0
-0.000753445,0
-0.004860399,0
-0.028007479,1
0.010498393,1
0.025584816,0
-0.006661436,1
0.017105751,0
-0.006587968,1
0.002469349,1
0.006540025,0
-0.007117362,1
0.018055496,1
3.17173E-05,1
0.006528278,0
-0.007861899,0
-0.02210518,0
-0.011914106,0
-0.004147082,0
-8.8018E-05,1
0.000841746,1
0.019145989,0
-0.001272917,1
0.008732752,1
0.003549593,1
0.000554829,0
-0.009218924,0
-0.011877085,0
-0.003638087,0
-0.001672634,0
-0.022448656,1
0.015402797,1
0.002702867,1
0.002293994,0
-0.014846649,1
0.015627525,0
-1.64568E-05,0
-0.018371523,1
0.002509165,0
-0.013724058,1
0.007437928,1
0.026193989,1
0.007998207,1
0.020718195,0
-0.001094586,0
-0.005601272,0
-0.01108377,1
0.020122466,1
0.000487836,1
0.008707865,1
0.019629787,1
0.002993935,0
-0.007172215,1
0.012688622,1
0.000485447,0
-0.005807213,0
-0.000118158,0
-0.00158762,0
-0.004132316,1
0.003798077,0
-0.011701175,0
-0.001010517,0
-0.000802974,1
0.006371554,0
-0.011490558,0
-0.000660939,1
0.003984001,0
-0.002917327,0
-0.017355922,1
0.003847324,1
0.025695818,0
-0.002529048,0
-0.002441939,1
0.015640625,1
0.000338456,1
0.029164039,0
-0.002605127,1
0.001303468,1
0.001456388,0
-0.008740562,1
0.006049248,1
0.000534367,0
-0.006004672,0
-0.00550866,1
0.00417079,1
0.003776336,0
-9.01709E-05,0
-0.001678331,1
0.001249573,0
-0.006656074,0
-0.001438021,0
-0.015573207,0
-0.007766063,1
8.79421E-05,0
-0.003967392,1
0.008283176,1
0.007009899,1
0.002030535,0
-0.00779942,0
-0.001157503,0
-0.007612318,0
-0.006669054,1
0.005506907,0
-0.017183684,1
4.7583E-05,1
0.004261123,1
0.006569873,0
-0.007123207,1
0.010682455,0
-0.005472398,1
0.010454769,1
0.004864716,0
-0.011942918,0
-0.005223541,0
-0.001858843,0
-0.005876257,1
0.002296661,0
-0.012312306,0
-0.005286735,1
0.009280805,1
0.006432032,0
-0.003248368,1
0.008205771,1
0.006227955,0
-0.001475412,1
0.008745042,0
-0.006451278,1
0.01153818,0
-0.00100783,1
0.003683584,0
-0.00249482,1
0.006128629,1
0.001325088,1
0.004016167,0
-1.53261E-05,1
0.003678311,1
0.005507426,1
0.013834892,0
-0.003859654,0
-0.00599988,1
0.005052772,1
0.003216112,0
-0.009542386,1
0.000706921,1
0.000216972,1
0.002572834,1
0.004880872,1
0.017050149,0
-0.005755502,0
-0.0036991,0
-0.000342953,0
-0.006617775,0
-0.00306816,1
0.007525818,0
-0.005047837,1
0.005193647,0
-0.011609136,0
-0.003170778,0
-0.001608132,1
0.006878492,0
-0.000498026,1
0.004861943,0
-0.00806904,0
-0.008043789,0
-0.009055832,0
-0.003585573,1
0.008377541,1
0.004330354,0
-0.001267543,0
-0.002115253,0
-0.002339372,0
-0.007695025,0
-0.001026736,0
-0.002282834,1
0.009902835,0
-0.002619304,1
0.015561803,1
0.001791435,1
0.000793086,1
0.000368467,1
0.00197789,1
0.019543465,0
-0.004652679,1
0.001821141,0
-0.004641164,0
-0.004732473,1
0.00201499,1
0.011202371,0
-0.006582811,1
0.0017187,1
0.002047991,0
-0.008086147,1
0.000803233,0
-0.001326015,0
-0.004996631,1
0.003205675,1
0.001200162,0
-0.007806686,0
-0.00922225,1
0.005273908,0
-0.009678756,0
-0.004383973,0
-0.001081596,1
0.014861113,1
0.003049043,1
0.004910017,1
4.01316E-05,1
0.005703479,0
-0.004439146,0
-0.004929884,0
-0.001475216,0
-0.011985559,0
-0.01644339,0
-0.00443123,1
0.001068437,1
0.007726189,1
0.007346635,0
-0.013114166,0
-0.001964422,1
0.000916452,1
0.000847982,0
-0.012360695,1
0.003520941,1
0.010258293,0
-0.003986897,1
0.008693703,1
0.008417256,0
-0.003607297,0
-0.001985025,1
0.011980213,0
-0.003431859,1
0.004342917,0
-0.002151894,0
-0.00363501,1
0.001074526,1
0.011755987,0
-0.017530122,1
0.002031109,1
0.010329964,1
0.001234236,1
0.007888356,0
-0.002204539,0
-0.000675938,1
0.006430803,0
-0.012358125,1
0.002163326,1
0.003303859,1
0.003156613,1
0.007541964,0
-0.00054967,1
0.000474976,0
-0.005736988,0
-3.01573E-05,0
-0.015239933,0
-0.018038067,1
0.004600151,0
-0.006219279,0
-0.005607389,0
-0.014231037,1
0.003457745,0
-0.003249984,1
0.009303808,0
-0.006476834,0
-0.020028491,0
-0.014947392,0
-0.013067593,0
-0.01021673,1
0.001583709,1
0.028736438,1
0.015599281,0
-0.004073374,0
-0.000382599,0
-0.0163664,1
0.007935725,0
-0.00316996,0
-0.008978296,1
0.007430443,0
-0.003381867,1
0.029295676,0
-0.004058372,1
0.002770083,0
-0.004692933,1
0.011321503,0
-0.006362948,0
-0.002170111,1
0.004777147,1
0.012657218,1
0.004164588,0
-0.001291787,1
0.000628401,0
-0.005714854,1
0.009032102,0
-0.001575337,1
0.003505692,1
0.00137447,0
-0.003722613,0
-0.005009863,0
-0.014837776,1
0.003002667,0
-0.001730388,1
0.002190662,1
0.014961562,1
0.005687313,0
-0.001975144,0
-0.001286385,0
-0.01553472,0
-0.010800646,0
-0.009820826,1
0.011378385,1
0.009464431,0
-0.001069995,0
-0.000699953,1
0.012215312,1
0.00986611,0
-0.000804626,1
0.004639419,0
-0.000367164,1
0.009632546,1
0.001875336,1
0.009901243,1
0.009819362,1
0.004909581,1
0.000104798,0
-0.004860134,1
0.009552128,0
-0.003869135,1
0.001909672,0
-0.001149591,0
-0.004504011,1
0.004634495,1
0.002231831,0
-0.007376479,1
0.000956454,1
0.00030017,0
-0.00124533,0
-0.001281936,1
0.004181667,0
-0.000679063,1
0.011741781,0
-0.002286533,1
0.010241205,0
-0.003111281,1
0.002948968,1
0.005777684,1
0.000297213,1
0.001514849,0
-0.009907009,1
0.005373941,0
-0.006009703,1
0.006758783,1
0.001767457,1
0.003811362,0
-0.014318453,1
0.004595855,0
-0.006987281,0
-0.005550151,0
-0.000129101,0
-0.004782313,0
-0.009565677,0
-0.003813852,1
0.009194356,0
-0.015996151,1
0.002037116,1
0.019353921,1
0.002577731,1
0.01035901,0
-0.00708787,0
-0.011629752,1
0.00624442,1
0.004859862,1
0.003303604,1
0.003050469,1
0.00835958,0
-0.000439932,0
-0.006890414,0
-0.010547671,0
-0.011227456,0
-0.001021744,0
-0.002196728,1
0.010083771,0
-0.003464342,0
-0.007765432,0
-0.005075911,0
-0.002550904,0
-0.000896628,1
0.002340464,1
0.00452247,1
0.000516552,1
0.003897451,1
0.006826833,1
0.00235366,0
-0.00114409,1
0.001490522,1
0.004524842,0
-0.02195054,0
-0.010700542,1
0.003668801,1
0.00315367,0
-0.000244968,0
-0.006559603,0
-0.003889811,1
0.005354545,0
-0.001462348,1
0.003704903,1
0.002068316,0
-0.00655999,1
0.00478277,1
0.005174585,1
0.003325033,0
-0.011586362,0
-0.003609589,0
-0.015572824,1
0.003449648,1
0.012634786,0
-0.010916209,0
-0.017245151,1
0.002369028,1
0.008761077,1
0.007657674,1
0.000416125,1
0.004554672,1
0.001956461,0
-0.004587156,1
0.006912442,1
0.003133568,1
0.000282579,0
-0.008392787,1
0.014120182,0
-0.004484557,1
0.008111644,1
0.003007848,1
0.003886806,1
0.000788504,0
-0.007727312,0
-0.005385073,1
0.008766139,1
0.002221952,0
-0.0004758,0
-0.01025989,1
0.004835194,0
-0.015953194,1
0.000952115,0
-0.007485603,1
0.003974165,1
0.006578367,0
-0.001303983,0
-0.009372033,1
0.008033258,1
0.005483374,0
-0.002210172,1
0.011878944,1
0.006954096,1
0.001531874,1
0.002327108,1
0.003208082,1
0.002645609,0
-0.001777444,0
-0.002813864,1
0.000809822,1
0.001673619,1
0.002970352,1
0.004832537,0
-0.00556106,0
-0.000210269,0
-0.002378544,0
-3.01164E-05,0
-8.03128E-05,1
0.006139404,0
-0.002524597,1
0.002500975,0
-0.001920947,0
-0.001014812,0
-0.013351081,0
-0.001217248,0
-0.002280044,0
-0.001516717,0
-0.001197886,0
-0.009982444,1
0.005526115,1
0.003050343,1
0.00428816,1
0.009155496,1
0.014070088,0
-0.000313303,1
0.00161178,1
0.000844326,0
-0.001925425,0
-0.001456798,1
0.003614944,1
0.00078389,0
-0.003380974,0
-0.006327256,1
0.009726526,0
-0.002379701,0
-0.008597299,1
0.003528893,1
0.003276723,0
-0.006512128,0
-0.002726161,1
0.010934454,1
0.001426583,0
-0.001499005,0
-0.010339771,1
0.001376297,1
0.003992797,0
-0.00602533,1
0.001276709,0
-0.012027931,1
0.003480567,1
0.009838373,0
-0.00630782,1
0.00670108,0
-0.003278113,1
0.006889581,0
-0.001603228,1
0.008144072,0
-0.002138661,0
-0.000651427,0
-0.002259089,1
0.000768034,0
-0.003069778,1
0.001169708,0
-0.007040003,1
0.002584551,1
0.009448914,1
0.000377598,1
0.003685162,0
-0.000732347,0
-0.000455576,1
0.005167203,0
-0.000300651,0
-0.000838132,1
0.003567516,1
0.007355508,1
0.006423241,1
0.010009845,0
-0.003116282,0
-0.001454637,1
0.003530944,0
-0.006806318,0
-0.002676333,0
-0.003018348,0
-0.011394444,1
0.004071685,1
0.00102973,1
0.010232822,1
0.000416998,0
-0.004890414,1
0.008771973,1
0.000791834,0
-0.013783421,1
0.00610994,1
0.002037244,1
0.003474227,1
0.003326805,1
0.000400013,0
-0.003478244,0
-0.000328734,0
-0.007872873,0
-0.000185223,1
0.002466849,0
-0.003331291,0
-0.007441166,1
0.003785346,0
-0.002958087,1
0.003487538,1
0.009638165,0
-0.007209312,1
0.002969127,0
-0.00708436,0
-0.005080249,1
0.003317052,0
-0.000751606,0
-0.00121429,0
-0.002480754,0
-0.003212277,0
-0.014133034,0
-0.007722667,0
-0.003931868,1
0.002296293,0
-0.00388259,0
-0.012380104,0
-0.007063661,1
0.001058525,0
-0.001731243,0
-0.003676184,0
-0.009469312,1
0.015468311,0
-0.007657793,1
0.011324715,0
-0.002746558,0
-0.003085445,1
0.003261169,0
-0.003255744,1
0.018429853,0
-0.001142175,1
0.002807655,0
-0.005833753,0
-0.009104083,0
-0.001942962,1
0.002614643,1
0.001750599,1
0.009464552,1
0.002435873,1
0.002175242,0
-0.003436234,0
-0.007839797,0
-0.000776294,1
0.012029038,0
-7.1174E-05,0
-0.004489366,1
0.003472861,1
0.006972578,1
0.000844057,1
0.000318148,1
0.000631045,0
-0.000660919,0
-0.007855491,1
0.000310398,1
0.002075459,1
0.008477545,1
5.0337E-06,0
-0.003860829,0
-0.004042548,0
-0.012882113,0
-0.014890314,1
0.002671411,0
-0.000702499,0
-0.00845154,0
-0.002084942,0
-0.001399882,1
0.01711726,1
0.006808361,0
-0.002110009,1
0.003914348,1
0.000796256,0
-0.010420089,0
-0.00636457,1
0.005664051,0
-0.005549096,0
-0.017382226,1
0.011793142,1
0.010526868,0
-0.001948356,0
-0.001983394,0
-0.001815204,1
0.000250828,0
-0.013588348,1
0.00767426,1
0.008246523,1
0.001522173,0
-0.000213405,1
0.00794973,0
-0.000211767,1
0.008637791,1
0.004701905,0
-0.005383415,0
-0.000902092,1
0.001754512,0
-0.000368724,1
0.005548269,0
-0.005069315,1
0.00137236,0
-0.004356897,0
-0.005721623,1
0.005083012,0
-0.002091792,1
0.008173545,1
0.000372925,1
0.001644342,1
0.003538199,1
0.003927067,1
0.007261705,1
0.001311248,0
-0.003652638,1
0.005544365,1
0.00228865,0
-0.001543935,1
4.50385E-05,1
0.007285902,0
-0.00999533,0
-0.004039502,0
-0.001985117,0
-0.00516955,1
0.007713426,1
0.00077551,1
0.021425732,0
-0.000719244,1
0.0046538,0
-0.000318957,0
-0.000319059,1
0.002347061,1
0.000705409,0
-0.009912816,0
-0.001364607,1
0.005069809,1
0.005413686,0
-0.006163555,1
0.000305652,1
0.008057879,1
0.000493786,1
0.000293194,1
0.005974509,0
-0.000189388,1
0.014031969,1
0.005345442,1
0.006098374,1
0.003902032,1
0.009405838,1
0.001682322,1
0.001497551,0
-0.000894392,0
-0.000419622,1
0.013769363,0
-0.006262049,0
-0.001046393,0
-0.004574654,0
-0.002346729,0
-0.007215432,1
0.002378747,0
-0.012967644,0
-0.006452594,0
-0.002620756,1
0.005686831,0
-0.000290839,1
0.008293709,1
0.002918417,0
-0.00652257,1
0.003427486,1
0.0033732,1
0.008812504,0
-0.007819438,1
0.010971307,0
-0.0012115,0
-0.016794962,1
0.001608541,1
0.001852299,0
-0.005877624,0
-0.011287262,0
-0.007447177,1
0.004701526,0
-0.002296344,0
-0.001407089,0
-0.000561692,0
-0.006157856,1
0.002578827,0
-0.002158893,0
-0.004799797,0
-0.006659094,1
0.003026539,1
0.003449869,1
0.002487903,1
0.004005941,1
0.012670546,1
0.00208053,0
-0.000225362,1
0.002493933,0
-0.014242247,1
0.006653757,1
0.011421271,1
0.004499759,0
-0.00138564,0
-0.023987721,0
-0.006640927,0
-0.011802244,1
0.005753369,1
0.00165696,1
0.014942127,0
-0.001110831,1
0.00664326,1
0.007226556,0
-0.005316372,0
-0.001675663,1
0.004972725,0
-0.009065953,1
0.00016467,0
-0.009253924,0
-0.003494692,1
0.00014224,0
-0.00072581,0
-0.009123389,1
0.005512548,0
-0.010674036,1
0.009708786,1
0.000872785,0
-0.00811426,0
-0.0015199,0
-0.003512036,0
-0.008246929,0
-0.005627564,1
0.004044607,0
-0.007532292,0
-0.006228029,0
-0.00862871,0
-0.012803061,0
-0.020098718,0
-0.024657929,1
0.009192211,1
0.025700871,1
0.007343896,1
0.015550314,1
0.00197144,0
-0.014040763,1
0.000517179,1
0.000161861,0
-0.015395217,0
-0.001495196,0
-0.002410765,1
0.029552665,1
0.014429738,0
-0.010570253,0
-0.005104643,1
0.003158233,1
0.019555523,1
0.000526462,1
0.009845737,0
-0.015666725,1
0.008846224,0
-0.018879348,1
0.001265016,0
-0.002182733,1
0.010273567,1
0.00841141,0
-0.00487036,1
0.004350961,1
0.006268166,1
0.007630673,1
0.006825071,1
0.001039846,0
-0.001276198,0
-0.004705183,1
0.011803638,0
-0.001480374,1
4.92548E-06,1
0.004477237,1
0.001775067,0
-0.009779831,1
0.008601087,1
0.003763968,0
-0.001674739,0
-0.001046634,0
-0.004088107,0
-0.00230562,1
0.002843107,1
0.006466068,1
0.002133372,0
-0.001636813,0
-0.004069464,0
-0.007530364,0
-0.014370341,1
0.000340581,0
-0.001957672,0
-0.010068427,0
-0.015339864,1
0.010581466,0
-0.000356492,1
0.013261127,1
0.000477649,1
0.006955263,1
0.006283376,0
-0.003407248,1
0.010580167,0
-0.000832234,0
-0.018245531,1
0.016044418,0
-0.007233452,0
-0.007574815,0
-0.009864247,0
-0.005434562,0
-0.007450335,0
-0.000410458,1
0.001965877,0
-0.001767355,0
-0.010674221,1
0.002671411,1
0.018846645,1
0.004346501,0
-0.001334708,1
0.00297167,1
0.005738975,1
0.003342434,0
-0.004286672,0
-0.013357446,1
0.001145586,0
-0.002542834,0
-0.021694684,1
0.00613417,0
-0.002641762,0
-0.010958591,1
0.006978832,0
-0.011879309,0
-0.002100441,1
0.013443618,0
-0.008490409,0
-0.011126257,0
-0.000223539,1
0.005957039,0
-0.023385407,0
-0.002666016,1
0.028741721,0
-0.011481808,1
0.013987359,1
0.004779042,1
0.00268493,1
0.006673431,0
-0.017741919,1
0.013534884,1
0.00079843,0
-0.029330636,0
-0.0141066,1
0.014668062,1
0.01401568,0
-0.002308955,1
0.013216981,1
0.0038767,0
-0.001054148,0
-0.000882866,1
0.00315812,1
0.000828742,0
-0.001822765,1
0.016048751,1
0.005520124,0
-0.001297129,1
0.001145411,0
-0.00600142,1
0.003509547,1
0.008387312,1
0.001056197,1
0.000436236,0
-0.001166169,1
0.002502576,1
0.006628184,1
0.002077475,0
-0.001184668,1
0.003543141,0
-0.00084635,0
-0.00458619,0
-0.00108763,0
-0.000640182,1
0.006239471,1
0.003624224,0
-0.003141638,0
-0.011163164,1
0.002736158,0
-0.008201236,1
0.00437144,1
0.001303695,0
-0.000932169,0
-0.000851905,1
0.005557332,1
0.017468153,0
-0.00060518,0
-0.00278452,1
0.001124882,0
-0.002749384,1
0.008111355,0
-0.003268879,0
-0.000466388,1
0.002521655,0
-0.002094443,0
-0.007179716,0
-0.003388424,0
-0.008023469,1
0.004175619,0
-0.004883181,0
-0.004502431,1
0.007465152,0
-0.001210593,0
-0.001318115,0
-0.005309761,1
0.00046772,1
7.6223E-05,0
-0.005756938,0
-0.005085014,1
0.000457165,1
0.00389183,0
-0.008986063,1
0.011782131,0
-0.001759746,1
0.006187853,0
-0.001035969,1
0.008270933,0
-0.000342846,1
0.001205415,1
0.000367738,1
0.012986948,1
0.007680339,0
-0.001435562,0
-0.003230954,0
-0.019116488,0
-0.003552191,0
-0.001622693,0
-0.008553303,1
0.00072234,1
0.014190642,1
0.000797529,1
0.004983104,0
-0.002945929,0
-0.0309406,1
0.000836259,1
0.004862859,1
0.010401711,1
0.007151036,1
0.008612683,1
0.004015458,0
-0.002731419,0
-0.018458678,1
0.010731547,0
-0.005562085,1
0.012959095,1
0.001352751,1
0.007191535,1
0.001605545,1
0.004226467,1
0.001908529,0
-0.002087962,0
-0.000709012,0
-0.001607573,0
-0.000934291,1
0.000984908,1
0.007464022,0
-0.001129559,0
-0.001950569,0
-0.00242937,1
0.006656119,0
-0.005212824,0
-0.012005765,1
0.002626843,1
0.008954866,1
0.006531413,1
0.006233014,1
0.000420789,1
0.002034588,1
0.000815111,0
-0.001321648,0
-0.001958237,1
0.005734557,1
0.00037461,0
-0.00684745,1
0.003804795,0
-0.003009859,0
-0.000411007,0
-0.002653065,0
-0.002527607,1
0.003636185,0
-0.002495416,0
-0.000948566,1
0.00275001,1
0.010680417,1
0.003130946,0
-0.002250149,1
0.000897239,0
-0.012530709,0
-0.022763964,1
0.003956856,1
0.008212628,1
0.004926133,1
0.005074764,1
0.006733825,1
0.002132019,0
-0.003388395,1
0.007674233,0
-0.004731387,1
0.007627639,0
-0.012128273,1
0.005495124,0
-0.000905171,1
0.005991232,0
-0.005568198,1
0.001470445,0
-0.012101205,1
0.000885857,0
-0.008993328,1
0.003582344,1
0.002447272,1
0.006322715,1
0.000249947,0
-0.00016659,0
-0.003724395,1
0.007250369,0
-0.005161788,0
-0.011427618,1
0.005079721,0
-0.002321997,0
-0.005561003,0
-0.000398369,0
-0.014172632,1
0.00245586,0
-0.000897268,1
0.007850577,1
0.002903513,0
-0.022462039,1
0.022579887,0
-0.009073205,0
-0.005054348,0
-0.003479538,1
0.006160008,1
0.000454626,0
-0.003014314,0
-0.004319906,1
0.008860405,1
0.002258668,0
-0.008395583,1
0.001623327,1
0.001858736,1
0.000131437,1
0.002572799,1
0.000136124,0
-0.006623819,0
-0.003679064,1
0.01349727,1
0.001020172,1
0.019669761,0
-0.003141201,1
0.001259452,1
0.00431128,1
0.000437136,0
-0.000108009,1
0.002744703,0
-0.001885185,1
0.001741571,0
-0.001949127,0
-0.001094231,1
8.35081E-05,1
0.000908689,1
0.002169059,0
-0.008657458,1
0.000973085,0
-0.000148041,1
0.008790026,1
0.000817037,0
-0.001803836,1
0.003511349,0
-0.000165925,0
-0.001786429,1
0.014693514,1
0.005768202,0
-0.004958939,0
-0.006076686,1
0.003730313,0
-0.000641932,1
0.001086673,0
-0.00346393,1
0.000183965,0
-0.000111327,1
0.000571218,1
0.008055386,0
-0.007688653,1
0.006244045,0
-0.004551834,1
0.001038141,1
0.002170599,0
-0.001179211,0
-0.004881434,1
0.000387394,1
0.004453308,1
0.001720416,0
-0.001962812,1
0.004478036,0
-0.000969355,0
-0.000605234,1
0.00183122,1
0.008894689,1
0.001749939,1
0.00048419,0
-0.006410044,0
-0.004106737,1
0.00293452,1
0.005263812,0
-0.011366609,1
0.001255562,1
0.006096975,1
0.000649459,0
-0.002075966,1
0.003008044,1
0.009650273,1
0.007645484,0
-0.000365548,1
0.008007501,1
0.006743935,0
-0.003497214,1
0.009907233,0
-0.004627292,1
0.002038463,0
-0.001735152,0
-0.006127389,1
0.003548797,1
0.001696474,0
-0.001079844,0
-0.00203729,1
0.003370012,0
-0.00295731,0
-0.000115682,0
-0.003748525,0
-0.000473813,0
-0.008555906,0
-0.00443909,1
0.002382466,1
0.009253562,0
-0.006390178,1
0.005096305,1
0.001258295,0
-0.004682424,1
0.005027123,1
0.007393621,1
0.004018402,1
0.010631446,1
0.005002617,1
0.000733749,0
-0.001819449,1
0.006452227,1
0.009717661,1
0.022987275,0
-0.009874562,1
0.011563265,0
-0.004507113,1
0.002025354,1
0.002043088,0
-0.000980251,0
-0.002729953,1
0.000725899,1
0.006794903,1
0.003346311,1
0.002422418,1
0.011042834,1
0.005279714,0
-0.000989258,0
-0.003948202,1
0.001578714,0
-0.001180039,1
0.011562691,0
-0.001307068,0
-0.003580144,1
0.001453304,1
0.007666369,0
-0.010001302,1
0.007137798,0
-0.000867478,0
-0.004631971,1
0.003916753,0
-0.000704374,0
-0.004938313,1
0.005446378,1
0.003472032,1
0.004229379,1
0.001377341,0
-0.003925667,1
0.005498288,0
-0.001615421,1
0.001124681,0
-0.005830076,1
0.003289197,0
-0.000226098,0
-0.003325223,1
0.000937026,1
0.005835187,0
-0.001765442,1
0.007408739,1
0.002133232,1
0.004336068,1
0.000387613,1
0.001607558,1
0.00489724,1
0.003366314,1
0.000599985,0
-0.004743976,0
-0.002209107,1
0.003585937,0
-0.017292611,1
0.000716371,1
0.008427983,1
0.001927395,0
-0.016798277,1
0.003603075,1
0.001377612,0
-0.001675873,0
-0.010999152,0
-0.003766272,0
-0.016851242,1
0.006255092,1
0.006014857,1
0.005710611,0
-0.001397316,0
-0.001428953,1
0.004386412,1
0.000452368,1
0.003989182,1
0.001123813,0
-0.003451741,0
-0.002345695,1
0.00319274,0
-0.003835956,0
-0.002327363,0
-0.011892997,0
-0.001300625,0
-0.002922695,1
0.011367261,0
-0.001052771,1
0.006553684,1
0.002708683,1
0.00515331,1
0.003537091,1
0.013469848,0
-0.000893223,0
-0.00159351,0
-0.002362988,0
-0.007392479,0
-0.003478865,0
-0.002554193,0
-0.000737053,1
0.000240246,1
0.008988092,1
0.016429523,1
0.010004889,1
0.006753019,0
-0.000460651,1
0.002599429,1
0.0017419,0
-0.000587674,0
-0.003967119,1
0.006663809,1
0.000204857,1
0.000176703,1
0.00080707,0
-0.004762287,1
0.006449974,1
0.002122862,1
0.008593366,1
0.01309329,0
-0.003954672,1
0.00455945,0
-0.003346404,0
-0.001557223,1
0.002734301,0
-0.000716972,0
-0.002987567,0
-0.004954875,0
-0.0014662,0
-0.003320616,1
0.006568053,0
-0.000315608,0
-0.00249409,1
0.001198732,1
0.003876398,0
-0.001322569,1
0.002829947,0
-0.014353484,1
0.002544052,0
-0.000513088,0
-0.014536989,0
-0.000387664,1
0.010608344,1
0.003377744,0
-0.014242347,0
-0.005007335,1
0.000820478,1
0.003039773,0
-0.004244403,1
0.003445754,1
0.005098239,0
-7.6549E-05,0
-0.001349783,0
-0.002485344,0
-0.017206163,1
0.004407716,0
-0.005408639,1
0.003843714,1
0.01264841,1
0.004928085,1
0.002701994,0
-0.007999678,1
0.012592947,1
0.00631026,0
-0.001213554,0
-0.004174916,0
-0.004736474,1
0.003420542,1
0.002928193,1
0.007193268,0
-0.002502241,1
0.000151068,1
0.001768814,0
-0.007201638,1
0.013784366,1
0.00055192,1
0.009546887,1
0.004890271,1
0.009099877,0
-0.011719697,0
-0.000498493,1
0.000810455,0
-0.016799427,0
-0.013320715,0
-0.015426909,0
-0.023132013,1
0.004614948,0
-0.018213007,1
0.009142175,1
0.004112552,1
0.011122291,1
0.008667,0
-0.011339354,1
0.006016264,0
-0.006326014,1
0.015424889,1
0.002500489,0
-0.000614408,0
-0.011717573,0
-0.010381649,0
-0.011281513,1
0.015304877,1
0.008986444,1
0.010838115,1
0.010030698,1
0.004174517,0
-0.003371431,1
0.00253411,1
0.000637944,0
-0.007594317,1
0.004238332,0
-0.000221282,1
0.004446734,0
-0.031754553,1
0.008407951,1
0.0061467,0
-0.013364273,1
0.007059923,1
0.003891035,0
-0.000690966,0
-0.00070781,0
-0.014072051,1
0.012233914,0
-0.003257409,1
0.00596811,1
0.002724952,0
-0.002660421,0
-0.000617784,1
0.005059954,1
0.000985715,0
-0.00151374,1
0.010681523,1
0.002467762,0
-0.00392985,0
-0.000896488,0
-0.004029732,0
-0.006221237,1
0.010956342,1
0.006769967,1
0.009220029,0
-0.003884105,0
-0.007327557,0
-0.010401045,0
-0.004700615,0
-0.002379776,1
0.008257023,1
0.005498831,0
-0.000645758,0
-0.007095808,1
0.000520634,0
-0.004622289,1
0.004982744,1
0.001999472,1
0.002571414,0
-0.002386818,0
-0.002112725,1
0.007379714,0
-0.008757705,0
-0.019623563,1
0.005803166,1
0.006582721,1
0.003608095,1
0.002451221,0
-0.000888432,1
0.007574707,0
-0.000534381,0
-0.0262432,0
-0.011563867,0
-0.015204693,1
0.010170462,0
-0.011032569,1
0.008294016,1
0.000279991,0
-0.002951804,0
-0.003781498,0
-0.011865775,1
0.005137756,0
-0.023468164,1
0.000537081,0
-0.003211954,0
-0.003491565,1
0.006786118,1
0.005688843,1
0.003657363,0
-0.005901942,1
0.001946839,1
0.011308237,0
-0.003855641,0
-0.001768035,0
-0.003398726,0
-0.003414683,1
0.003023279,0
-0.008684294,1
0.004798815,0
-0.003144461,1
0.007052261,1
0.002590583,0
-0.000644883,1
0.000763023,1
0.005145387,0
-0.01598131,1
0.007699762,0
-0.000515806,1
0.006538377,1
0.00098199,0
-0.009081004,0
-0.015042996,1
0.004652094,0
-0.008017141,1
0.002789182,1
0.000369373,1
0.009867075,1
0.001440491,1
0.004077719,1
0.004648208,1
0.002655666,1
0.001661375,1
0.002566084,1
0.00599819,0
-0.006823426,1
0.003766748,0
-0.010342356,0
-0.001815191,0
-0.002635939,1
0.003103113,0
-0.002385675,0
-0.000122635,1
0.001449898,1
0.01400559,0
-0.006573924,1
0.00259226,0
-0.000225208,1
0.006493506,1
0.006765801,1
0.006951184,0
-0.00524745,0
-0.001788252,0
-0.012531639,0
-0.015188975,0
-0.003064423,0
-0.006037433,0
-0.011189841,0
-0.044395385,1
0.015110322,0
-0.007738742,0
0,1
0.010437645,0
-0.008858091,1
0.003700583,1
0.002527525,0
-0.025725005,0
-0.004045392,0
-0.016342642,0
-0.017520477,0
-0.00614656,1
0.007445314,0
-0.002576748,1
0.035337818,0
-0.009103053,1
0.006114824,0
-0.005230616,1
0.006706147,0
-0.003125254,0
-0.002708416,0
-0.004426948,0
-0.00153532,1
0.009675782,1
0.002078484,1
0.003899828,0
-0.008559622,0
-0.002895447,0
-0.003178349,0
-0.0060243,1
0.012413243,1
0.007873184,1
0.004191634,1
0.002789083,0
-0.00815477,1
0.016725008,0
-0.008246049,0
-0.00616738,0
-0.01552365,1
0.003417622,0
-0.010584075,0
-0.000399262,1
0.014418136,1
0.006232684,0
-0.012488368,1
0.000826334,0
-0.004335881,1
0.008113049,0
-0.009005022,1
0.00066501,0
-0.003143357,0
-0.013138622,1
0.000212031,1
0.00621167,0
-0.015207933,0
-0.008109453,1
0.008301149,1
0.013356548,0
-0.005807275,1
0.019473947,0
-0.000692591,1
0.005956535,0
-0.005323839,1
0.015819658,1
0.004253331,1
0.000455819,1
0.008172525,1
0.000155347,0
-0.003219414,1
0.00472667,1
0.008107041,1
0.015244542,0
-0.000197453,1
0.002783264,1
0.010460941,0
-0.000611912,0
-0.000630428,0
-1.81533E-05,0
-0.011967759,1
0.001690361,1
0.004466394,1
0.005026319,1
0.011069826,0
-0.013370173,1
0.00673925,0
-0.002379132,1
0.010940185,0
-0.000493327,1
0.000825608,1
0.00092356,0
-0.002669581,1
0.003678254,0
-0.017607918,0
-0.00217724,0
-0.005217606,0
-0.001665726,0
-0.004509101,0
-0.013089912,1
0.000308781,1
0.008923811,0
-0.004065493,1
0.003383898,1
0.009477288,1
0.00155323,0
-0.000857999,0
-0.000238793,1
0.003573561,1
0.00094742,0
-0.019245982,1
0.00183695,0
-0.001479896,0
-0.008165472,1
0.005906677,1
0.012897831,1
0.004104636,1
0.011983391,1
0.001479619,1
0.001395857,1
0.000448043,1
0.001339003,1
0.004892571,1
2.24781E-05,1
0.004050458,1
0.004222167,1
0.002563668,0
-0.00121852,0
-0.01430168,1
0.001075089,1
0.000225616,1
0.001741366,0
-0.008772759,0
-0.004784124,0
-0.005108423,1
0.017032914,0
-0.0057931,1
0.004156853,0
-0.00742515,0
-0.008801085,0
-0.004124962,0
-0.030442664,1
0.002868683,0
-0.013771086,1
0.001361225,1
0.005254967,0
-0.011988838,0
-0.005750378,0
-4.37786E-05,1
0.002694933,1
0.001751364,0
-0.002552231,0
-0.006933419,0
-0.000537816,1
0.002260042,0
-0.012451009,1
0.007650792,1
0.001442025,1
0.012788112,0
-0.000425563,1
0.001035332,1
0.001556225,1
0.013106021,1
0.005868092,0
-0.001448994,0
-0.002655602,0
-0.003680194,0
-0.002233453,1
0.003816849,1
0.012421916,1
0.003063847,0
-0.002660361,1
0.00033402,0
-0.002205678,1
9.898E-05,1
0.005876947,0
-0.001733573,0
-0.000413025,0
-0.003624856,0
-0.012252476,1
0.006063873,1
0.000882047,0
-0.02199385,0
-0.005881299,1
0.003289426,1
0.010588795,1
0.002922262,0
-0.002003201,1
0.004509047,0
-0.00905888,0
-0.00307296,1
0.013457211,0
-0.000487022,1
0.003874191,0
-0.009112755,0
-0.003755463,0
-0.003962439,0
-0.017800277,1
0.004533181,0
-0.006930955,0
-0.003561285,0
-0.00952244,0
-0.025598935,0
-0.015141398,0
-0.004062581,1
0.005707673,1
0.008924248,1
0.002342923,0
-0.008474533,1
0.006511478,0
-0.005778051,1
0.006605541,1
0.010490231,1
0.002244612,0
-0.006942712,0
-0.001389024,0
-0.016419443,1
0.004326022,1
0.008568014,0
-0.00395654,1
0.017782053,1
0.000711458,0
-0.001777381,1
0.01161933,1
0.008156779,1
0.002184811,1
0.005186324,1
0.006204352,1
0.008424865,1
0.006353699,1
5.33406E-05,1
0.004073063,1
0.004645705,1
0.005369289,1
8.60618E-05,1
0.004465267,0
-0.013160149,1
0.000545001,0
-0.011853344,1
0.006400219,1
0.004541819,0
-0.019547196,0
-0.005521898,1
0.000514676,1
0.012128227,0
-0.008845449,1
0.008115771,1
0.01114638,1
0.000372448,1
0.007088392,0
-0.002347767,0
-0.008301491,1
0.002013889,1
0.011632863,0
-0.003944735,1
0.002422355,1
0.001069206,1
0.002734818,0
-0.000434658,0
-0.005934945,1
0.001543069,1
0.008025035,1
0.0143034,1
0.00582094,1
0.000704738,1
6.52939E-05,0
-0.003292465,0
-0.006148145,1
0.007923393,0
-0.008627132,1
0.007905958,1
0.010728159,0
-0.000689119,0
-0.003447973,0
-0.012966506,0
-0.013513259,1
0.00255652,1
0.010247578,0
-0.001012479,1
0.003064087,0
-0.004347111,0
-0.014462381,1
0.001896588,0
-0.003752534,0
-0.007283824,0
-0.00393931,1
0.010243893,1
0.003266326,1
0.004476576,1
0.003632031,1
0.015069196,1
0.014410368,1
0.012697461,0
-0.000419005,1
0.000820135,1
0.003469061,0
-0.000213231,0
-0.006185024,1
0.003584344,1
0.002857234,0
-0.002967049,0
-0.010238116,1
0.000593057,0
-0.009827886,1
0.009498531,0
-0.011137465,1
0.016334234,1
0.009119806,1
0.010365348,1
0.004315333,0
-0.00352855,1
0.007651346,1
0.001120972,1
0.005363086,0
-0.010143019,1
0.012305274,0
-0.00931525,0
-0.03090204,1
0.003932522,0
-0.017059599,0
-0.013496276,0
-6.13494E-05,1
0.018415389,1
0.003582186,1
0.028772228,0
-0.007177033,0
-0.004918737,1
0.010017855,1
0.006864227,0
-0.002421394,1
0.004760497,0
-0.000632914,0
-0.014847224,1
0.000660968,0
-0.006713899,0
-0.014875882,0
-0.038745353,1
0.011817954,0
-0.012759019,0
-0.010535591,0
-0.033033398,1
0.007800665,1
0.005812705,1
0.022431299,1
0.012591474,0
-0.021599225,0
-0.041882738,1
0.004174404,0
-0.027846128,0
-0.038747137,0
-0.034284998,0
-0.031940117,0
-0.024736713,0
-0.048575734,0
-0.083936652,1
0.074442249,0
-0.053436772,1
0.086012439,1
0.058876873,0
-0.010863699,1
0.018674685,0
-0.00035512,1
0.02185054,0
-0.039426891,1
0.023376408,1
0.000336259,1
0.03850612,1
0.017702078,0
-0.009026102,1
0.016086191,1
0.013337254,0
-0.018777879,1
0.0171545,0
-5.3848E-06,1
0.030941214,0
-0.008445937,0
-0.009998104,1
0.008923156,1
0.009798803,0
-0.013432703,1
0.017871795,1
0.00588734,1
0.006964516,0
-0.026797634,1
0.017616613,0
-7.77702E-05,1
0.008923525,0
-0.005355069,0
-0.006835796,1
0.009494478,0
-0.007967347,1
0.00120522,1
0.005100452,1
0.022456133,1
0.004559201,1
0.004357572,0
-0.014101916,1
0.0124205,1
0.017637622,1
0.000699583,0
-0.001309571,1
0.000522543,1
0.017481277,1
0.010706607,1
0.028655752,1
0.001946903,1
0.014266589,1
0.00110914,1
0.002119682,1
0.003092849,0
-0.008612327,0
-0.020433852,0
-0.047591802,1
0.052801331,1
0.001403148,0
-0.003535648,1
0.003674747,0
-0.006813554,1
0.002120627,1
0.014202999,0
-0.022734107,1
0.010547395,0
-0.019286534,1
0.007093452,0
-0.000773124,1
0.013608962,1
0.007979882,1
0.016502432,0
-0.01085958,0
-0.002444355,1
0.004178092,0
-0.008141519,1
0.016653877,0
-0.001120738,1
0.008366879,0
-0.008229331,1
0.007981646,0
-0.001358356,1
0.013934128,0
-7.62732E-05,0
-0.00559529,0
-0.007106791,1
0.007916598,1
0.017643133,1
0.002733729,1
0.001701161,0
-0.007781174,1
0.00074243,1
0.012851837,1
0.013987026,1
0.013300978,1
0.003867481,1
0.014759724,1
0.013530955,1
0.005656001,1
0.002129628,0
-0.012323951,0
-0.024610694,1
0.005237965,0
-0.036567904,1
0.013354029,1
0.010952057,1
0.015838065,1
0.001094337,0
-0.010496683,1
0.003988142,0
-0.011738465,1
0.010050856,1
0.006307591,1
0.013335476,0
-0.011540548,1
0.006743376,0
-0.003527359,1
0.008700191,1
8.76285E-05,1
0.013026299,1
0.006454111,0
-0.003134745,0
-0.012213045,1
0.002589177,0
-0.009538219,0
-0.023771758,1
0.00027866,0
-0.025946752,1
0.002679632,1
0.012853313,1
0.008582891,1
0.01293446,1
0.003350297,1
0.008893022,1
0.002103111,1
0.004920651,0
-0.000241292,0
-0.009433452,0
-0.008095006,0
-0.00833471,1
0.002225041,1
0.004972856,1
0.00527898,0
-0.006668466,1
0.002445808,0
-0.00715856,0
-0.005576153,1
0.006186611,0
-0.007926626,0
-0.025581625,1
0.014560131,1
0.018759565,1
0.005978722,1
0.023955169,1
0.001122716,1
0.012704324,1
0.002300588,1
0.013470155,0
-0.004123305,1
0.007371891,1
0.019712335,0
-0.001525739,1
0.002555973,1
0.000699235,1
0.002386729,1
0.019224594,1
0.005828809,0
-0.006196137,1
0.009367528,1
0.002871386,0
-0.015990431,1
0.016559,1
0.015810952,1
0.007593707,1
0.013066441,1
0.005121822,0
-0.016212338,1
0.020193045,0
-0.00326986,1
0.00859288,0
-0.002837484,0
-0.001947723,1
0.00543017,0
-0.000490658,1
0.000631671,1
0.002333903,0
-0.016184118,1
0.009562202,1
0.01704459,1
0.00061991,1
0.004240547,1
0.018776746,1
0.024701841,1
0.015663367,0
-0.007476836,1
0.021383258,1
0.039746939,0
-0.001183308,0
-0.007146374,1
0.007146627,1
0.000520918,0
-0.020327436,0
-0.023322207,1
0.02612204,1
0.007078049,1
0.0148625,0
-0.00639387,1
0.021766334,0
-0.021402373,0
-0.005652308,0
-0.01713658,0
-0.030250403,1
0.026987343,1
0.013178343,1
0.010614148,0
-0.01346144,1
0.010713997,0
-0.00941797,0
-0.002125361,1
0.005157764,1
0.014971392,1
0.005163648,0
-0.009332174,0
-0.015020439,1
0.006790511,0
-0.008968278,0
-0.003136618,0
-0.024465081,1
0.034961836,0
-0.027983444,1
0.010262367,1
0.01285206,0
-0.012812237,0
-0.005661264,0
-0.009962792,0
-0.006671985,0
-0.006048143,1
0.018788961,1
0.013501676,0
-0.002841811,1
0.007045976,0
-0.006413078,1
0.006073831,0
-0.008636632,0
-0.001339023,0
-0.010120377,0
-0.002792255,1
0.003998198,1
0.01086317,0
-0.001634325,1
0.011185623,0
-0.002794788,1
0.008486258,1
0.008226987,1
0.002579671,1
0.002002672,1
0.003303401,1
0.001864595,0
-0.003620445,1
0.001184592,1
0.010680606,1
0.004196802,1
0.003755051,1
0.001343005,1
6.87797E-05,1
0.006833727,0
-0.015226504,1
0.001847613,1
0.002700219,1
0.009864725,0
-0.000655783,0
-0.010558496,0
-0.002325969,0
-0.008257537,0
-0.006563189,1
0.006449859,1
0.009967052,1
0.005807332,1
0.016295509,0
-0.012270335,0
-0.014884263,0
-0.012509251,1
0.009996445,0
-0.00596197,1
0.012292153,0
-0.003394211,0
-0.001853093,0
-0.003839793,1
0.008593328,0
-0.000911292,0
-0.000921592,1
0.007335311,1
0.004763652,1
0.005602512,1
0.000732494,1
0.007195516,0
-0.002263328,1
0.003715958,0
-0.00131914,0
-0.009744968,1
0.00263045,1
0.007653568,1
0.000864796,1
0.00199869,1
0.006152892,0
-0.004184611,1
0.000909659,0
-0.008304951,1
0.007124806,1
0.003771585,1
0.003024855,1
0.005094185,0
-0.000287631,0
-0.004606453,1
0.003042584,0
-0.004434765,0
-8.53123E-05,1
0.003482866,1
0.003643861,0
-0.006011721,0
-0.009941132,0
-0.010677349,1
0.008862785,1
0.007672949,0
-0.002008327,1
0.006557809,0
-0.002833042,0
-0.010030791,0
-0.003495641,0
-0.005193801,1
0.010665721,1
0.001295301,0
-0.009055377,1
0.002350424,1
0.001339508,1
0.001788771,0
-0.012437358,1
0.006470309,1
0.004374752,1
0.01335747,0
-0.001295582,0
-0.001761224,0
-0.003039421,0
-0.005284595,0
-0.006959198,0
-0.00380051,0
-0.011560351,0
-0.00889228,1
0.005039627,0
-0.019341992,0
-0.012047143,1
0.009704265,1
0.015562049,1
0.002711659,0
-0.005809057,1
0.001716461,1
0.003283449,1
0.017518025,1
0.002422428,0
-0.009719303,1
0.007938032,1
0.00070914,0
-0.004966707,0
-0.007664506,0
-0.0152672,1
0.003550904,1
0.000671837,1
0.006704264,1
0.001451333,0
-0.007392021,1
0.003328978,0
-0.004117166,0
-0.000748182,1
0.002687794,0
-0.011398884,0
-0.012153316,1
0.002793871,0
-0.016175598,0
-0.018882611,0
-0.018182616,1
0.017587534,0
-0.001067762,0
-0.013503366,1
0.00961123,1
0.015021685,1
0.008840141,0
-0.002779381,1
0.007436774,0
-0.005252489,0
-0.001924909,0
-0.000389049,1
0.004783511,1
0.009448642,0
-0.00773676,0
-0.005268568,0
-0.012915552,1
0.002780508,1
0.011598085,0
-0.012536959,1
0.002523767,0
-0.004676155,0
-0.003054623,1
0.000763462,0
-0.010899725,0
-0.001791705,1
0.01500212,1
0.010347615,0
-0.000770123,0
-0.011607462,0
-0.00507693,1
0.008020683,1
0.014213974,0
-0.005283332,0
-0.001014236,0
-0.004682245,0
-0.014706721,0
-0.009235673,0
-0.024167159,1
0.021384215,1
0.015708413,1
0.007829503,1
0.001657498,1
0.006212058,1
0.003369299,1
0.009251116,0
-0.006383744,0
-0.002846959,0
-0.004567473,1
0.000481936,1
0.005693469,1
0.003765288,0
-0.018136149,1
0.004060074,1
0.003176439,1
0.004587064,1
0.004756235,0
-0.004275618,1
0.006897701,0
-0.008923132,0
-0.00522502,1
0.003734489,1
0.000157255,0
-0.011798986,0
-0.011320359,1
0.011764988,0
-0.00953335,1
0.000225508,1
0.015406268,0
-0.003495398,0
-0.013561371,0
-0.0108901,0
-0.008947787,0
-0.007666955,1
0.007177337,0
-0.00991728,0
-0.014920844,0
-0.025648281,0
-0.004098677,0
-0.034972908,1
0.018684332,1
0.016700834,1
0.015673125,0
-0.00189073,1
0.00051365,1
0.008148642,1
0.001112375,0
-0.008737594,0
-0.015733101,0
-0.010331006,1
0.019853991,1
0.005279007,1
0.0001567,0
-0.000262341,0
-0.013488592,1
0.004706682,0
-0.026008171,1
0.010555723,1
0.008375798,1
0.001607896,1
0.016112328,0
-0.01224937,0
-0.022893533,0
-0.010904044,1
0.022086638,0
-0.007103629,0
-0.005873114,0
-0.009116852,1
0.014380915,1
0.013266998,1
0.004642774,0
-0.007746526,1
0.008916439,1
0.009243542,0
-0.001970714,1
0.000117231,0
-0.000153847,1
0.004216797,1
0.002068535,1
0.003971981,0
-0.006454771,1
0.006587952,1
0.000471373,0
-0.008759785,0
-0.014321598,1
0.001680354,0
-0.00269961,0
-0.00978055,1
0.018648097,1
8.09869E-05,0
-0.007601106,0
-0.001057098,1
0.00953509,0
-7.35594E-05,1
0.003501686,0
-0.008613706,0
-0.017591535,1
0.004207547,0
-0.010961995,1
0.010772775,1
0.01033181,0
-0.002819985,0
-0.002600979,0
-0.001078173,0
-0.012347016,0
-0.012743382,0
-0.005458076,0
-0.001652186,0
-0.016275311,1
0.021238549,0
-0.002941357,1
0.00918901,1
0.002114149,0
-0.012810456,1
0.01811105,1
0.003065218,0
-0.015679653,1
0.004355551,0
-0.001822545,1
0.009799231,1
0.011982335,1
0.006083172,0
-0.010018988,1
0.004385124,0
-0.016591467,0
-7.2344E-05,0
-0.000270358,0
-0.011262874,0
-0.035194366,0
-0.004607688,0
-0.018287424,1
0.001646659,0
-0.004275091,0
-0.020443028,1
0.007486313,0
-0.027447871,0
-0.012160611,1
0.022589789,1
0.014924364,1
0.008397449,0
-0.018207416,0
-0.019070728,0
-0.011669182,0
-0.002203503,1
0.018014728,0
-0.021253064,1
0.018437965,1
0.007000047,0
-0.004398858,0
-0.009618548,1
0.004681244,0
-0.002701182,1
0.00372903,1
0.018992012,0
-0.001801916,1
0.006697681,1
0.009347047,0
-0.006649621,1
0.004408434,1
0.003856571,1
0.001065082,1
0.00817212,1
0.006664559,1
0.000305935,0
-0.005150372,1
0.008948115,1
0.004737045,1
0.007152937,1
0.000923398,1
0.004155469,0
-0.009019517,1
0.017292251,1
0.001648321,1
0.002207331,0
-0.006729767,0
-0.003345957,0
-0.00612428,0
-0.012111414,0
-0.011029442,1
0.004972612,1
0.012180024,1
0.001521843,0
-0.021821582,1
0.009905682,1
0.008617137,0
-0.022831253,0
-0.002566639,0
-0.002378176,1
0.002637622,0
-0.013925196,1
0.003290609,1
0.027370946,0
-0.015562106,0
-0.00397691,0
-0.007931452,0
-0.011381663,1
0.005174771,0
-0.008716768,0
-0.006347962,0
-0.018140813,0
-0.030157205,1
0.001314759,0
-0.024538415,1
0.000756008,0
-0.007112159,1
0.025001276,1
0.002643275,1
0.010220204,0
-0.002243215,0
-0.018259257,1
0.004744374,0
-0.017979814,1
0.02296948,1
0.003236085,1
0.013623401,0
-0.005560124,0
-0.008648277,0
-0.002240667,1
0.010410642,0
-0.000487443,1
0.006483018,1
0.017434521,0
-0.008904307,1
0.01111356,1
0.018141707,1
0.000706572,0
-0.003295006,1
0.00826904,1
0.009947071,1
0.011489213,1
0.010575063,0
-0.009148618,1
0.03368953,0
-0.003427085,1
0.002295274,0
-0.001161136,0
-0.013945791,1
0.000646772,0
-0.010218942,0
-0.00588138,1
0.005296703,1
0.009644294,0
-0.001421356,0
-0.012137695,1
0.010430724,1
0.016084557,1
0.002956486,0
-0.01835199,0
-0.006165968,0
-0.010812956,0
-0.004324826,0
-0.004922759,1
0.007574607,0
-0.006705622,0
-0.00026127,1
0.011317653,0
-0.015954986,0
-0.000402377,0
-0.003326243,0
-0.008026631,0
-0.001860035,1
0.011928122,0
-0.018262593,1
0.001491125,1
0.006754016,0
-0.022436653,0
-0.019316363,0
-0.004797889,0
-0.003140627,1
0.016811798,1
0.003843119,1
0.011180536,1
0.026297288,1
0.000476557,1
0.003495924,1
0.00236064,1
0.008874889,1
0.005770947,0
-0.008529664,0
-0.004652453,1
0.005075328,1
0.006268012,1
0.013906632,1
0.016503539,1
0.006226075,0
-0.013506332,0
-0.010361278,1
0.010193478,1
0.007788391,1
0.004666083,0
-0.017017417,1
0.005545097,1
0.013023563,0
-0.000853586,0
-0.00475112,0
-0.006895491,1
0.005275818,0
-0.015306371,1
0.019597183,0
-0.009804159,1
0.001595131,1
0.001564078,0
-0.016787585,1
0.008855597,0
-0.006346629,0
-0.008652382,1
0.004249492,1
0.006216715,1
0.001738163,1
0.012561316,1
0.000296432,0
-0.012763107,0
-0.005271577,0
-0.010127775,1
0.006685904,0
-0.025566249,1
0.013090844,0
-0.000760594,1
0.007477154,0
-0.006883194,1
0.003845831,1
0.011978981,1
0.003111346,0
-0.003926615,0
-0.002376851,1
0.010675654,1
0.003687976,1
0.003780811,1
0.009661009,0
-0.001824891,1
0.003304562,1
0.005926201,0
-0.014419628,1
0.012678765,1
0.008701378,1
0.014243177,1
0.001091112,1
0.004320484,1
0.003837355,1
0.001718848,0
-0.001871183,1
0.001551871,0
-0.004648399,0
-0.007299726,0
-0.008214117,0
-0.013663563,0
-0.001683393,1
0.004418813,1
0.002291841,1
0.009138407,0
-0.009107151,0
-0.000183897,1
0.004906155,0
-0.001253377,0
-0.005398277,0
-0.002207081,0
-0.006254516,1
0.001587609,1
0.000358965,1
0.005813953,1
0.008313758,1
0.008901169,1
0.007601102,1
0.004094514,0
-3.89476E-05,0
-0.004969912,1
0.00161272,1
0.010438446,0
-0.003248863,0
-0.003084839,1
0.012529338,1
0.005401021,1
7.26464E-05,0
-0.001816027,1
0.011609246,0
-0.00447152,1
0.00327077,0
-0.007153282,0
-0.004024314,1
0.006612895,0
-0.006203847,0
-0.001758958,0
-0.008553079,1
0.004286328,0
-0.009098971,1
0.004707988,0
-0.000313686,0
-0.006663077,0
-0.005526112,1
0.005592113,1
0.014893069,0
-0.003519733,0
-0.005518045,0
-0.008805739,0
-0.011571457,0
-0.002378587,1
0.016578728,1
0.004772702,1
0.006412348,1
0.014305947,0
-0.003538409,0
-0.00434517,1
0.000237765,0
-0.003071,1
0.0036651,1
0.0071922,1
0.003016895375,0