-0.038311675,
0.001922225,
0.000955702,
0.027090384,
0.011189966,
-0.013062569,
-0.004386331,
0.012169663,
0.010671321,
-0.006832065,
0.000522287,
-0.007095268,
-0.002912346,
-0.027633624,
0.006064801,
-0.004212676,
-0.003938494,
-0.027456813,
0.025217621
0.01062777,0
-0.000113533,1
0.011248155,0
-0.000421061,0
-0.000961829,1
0.013176388,0
-0.02083579,1
0.003626807,0
-0.020969347,1
0.002032989,1
0.008712606,0
-0.01025641,1
0.000417967,0
-0.03036917,1
0.004516786,1
0.006300983,0
-0.005335528,0
-0.01482899,1
0.01101728,1
0.013627091,1
0.009345589,1
0.001863413,1
0.019837019,0
-0.012695416,0
-0.025631074,1
0.008173382,1
0.025601815,0
-0.00472287,0
-0.008207473,0
-0.017685492,1
0.024272523,1
0.04764607,1
0.0041139,0
-0.005353473,1
0.025565861,1
0.004531854,1
0.017799072,1
7.20202E-05,0
-0.002356854,0
-0.010584962,1
0.000523966,0
-0.013655769,1
0.007164364,1
0.004931335,0
-0.007463628,0
-0.004923966,1
0.009392417,1
0.009997735,0
-0.007841198,0
-0.002572352,0
-0.02227124,0
-0.018171037,0
-0.057757322,1
0.032512838,1
0.028663375,0
-0.009808478,1
0.004952819,0
-0.00326237,1
0.033066174,0
-0.01093329,1
0.002689957,0
-0.008526063,1
0.010892091,0
-0.014956581,0
-0.021565523,0
-0.003907851,1
0.016359599,0
-0.005905223,0
-0.008447025,0
-0.020599941,1
0.017902462,1
0.009340749,1
0.022097737,1
0.009419152,0
-0.01244168,0
-0.007314546,0
-0.021054682,0
-0.004428018,0
-0.019175852,1
0.018335202,0
-0.012529931,0
-0.002533441,1
0.032241912,0
-0.001300573,1
0.019857807,1
0.019636805,0
-0.006518825,0
-0.006670619,1
0.009273994,0
-0.006585744,0
-0.003229183,0
-0.007515701,1
0.016210235,1
0.000748584,1
0.00548098,0
-0.0095631,1
0.014708493,0
-0.00654105,1
0.001930528,0
-0.01822017,0
-0.007368233,1
0.009552682,0
-0.003229686,1
0.002943711,0
-0.008544012,1
0.008465117,1
0.010119621,0
-0.015714752,1
0.007218769,1
0.015260835,0
-0.002217865,1
0.003564603,1
0.008130301,1
0.001955899,1
0.009452883,1
0.000337753,0
-0.011089117,0
-0.007886245,1
0.009116305,0
-0.010217524,0
-0.010741864,1
0.006952175,0
-0.014954526,0
-0.001920932,0
-0.02051558,1
0.007704822,1
0.005080967,1
0.000410264,1
0.009640715,1
0.00713912,1
0.011203544,1
0.002359192,0
-0.006703489,0
-0.008568305,1
0.007936997,1
0.013398195,0
-0.00478023,0
-0.003085359,1
0.01096057,0
-0.002907618,1
0.005202049,0
-0.000900312,1
0.005233191,1
0.001553816,0
-0.001226538,1
0.005064854,0
-0.002806967,0
-0.004801833,1
0.01004266,1
0.002036002,0
-0.009002019,0
-0.009840221,1
0.006875524,0
-0.005331079,0
-0.004449649,0
-0.003938569,1
0.001970324,0
-0.002720704,0
-0.010169698,0
-0.014531215,1
0.010654132,0
-0.005863415,0
-0.001577852,0
-0.000227735,0
-0.006688663,0
-0.008213866,0
-0.000448427,1
0.022235151,0
-0.014935301,0
-0.000194917,0
-0.006802532,1
0.005510144,1
0.001366501,0
-0.019000473,0
-0.004939709,0
-0.011476217,0
-0.015404707,0
-0.025509494,1
0.033381462,1
0.00032747,0
-0.017932229,0
-0.005807536,1
0.034743281,1
0.005882946,0
-0.000823234,1
0.001683646,0
-0.023767461,0
-0.000337021,1
0.011096127,1
0.013830296,1
0.021978179,0
-0.005722681,1
0.004995708,0
-0.001141201,1
0.003855077,0
-0.000223434,0
-0.015776572,0
-0.006485581,0
-0.02439756,0
-0.010776146,1
0.023452185,1
0.005126722,0
-0.012747835,0
-0.003351988,0
-0.018351709,1
0.003522963,0
-0.018547519,1
0.014678302,1
0.005366046,0
-0.009548026,1
0.004370963,0
-0.020105371,1
0.000212936,1
0.007405549,1
0.038921636,0
-0.018219594,0
-0.005852929,1
0.019604778,1
0.007526152,0
-0.006535285,0
-0.008160854,0
-0.014014809,0
-0.021462716,1
0.008070724,0
0,0
-0.043848375,1
0.008001645,1
0.024386992,1
0.007075309,1
0.010439556,1
0.003988201,0
-0.010448052,0
-0.028031933,1
0.050098576,0
-0.010552406,0
-0.026242369,0
-0.001917819,1
0.00381214,1
0.009586408,1
0.010317756,0
-0.006232948,1
0.006143112,1
0.002125655,1
0.01391532,0
-0.004020861,1
0.000260698,1
0.013031499,1
0.002866804,0
-0.004976911,0
-0.001885806,1
0.006804679,1
0.007007924,0
-0.005619736,1
0.005461161,0
-0.017473989,1
0.003586593,0
-0.001513686,0
-0.008408146,0
-0.006234665,0
-0.013335535,1
0.011827254,0
-0.008652119,0
-0.002183803,1
0.008123594,0
-0.01890533,0
-0.017356496,0
-0.018507514,0
-0.001951771,0
-0.005555467,1
0.017489927,0
-0.007659843,0
-0.014309109,1
0.001040373,0
-0.00567985,1
0.005858141,1
0.009980587,1
0.006452385,1
0.002274366,0
-0.024779405,0
-0.043180749,1
0.014828498,0
-0.025842059,1
0.00587121,0
-0.01962405,1
0.017626659,0
-0.024077348,0
-0.017923719,0
-0.004063664,1
0.019909089,1
0.011282384,1
0.025574959,0
-0.024429651,0
-0.004630232,1
0.010784442,0
-0.012461972,0
-0.034393081,0
-0.002901144,1
0.043680036,0
-0.019983673,1
0.008117473,1
0.02706599,0
-0.002131156,1
0.015104341,0
-0.003227714,1
0.010045097,1
0.039134558,1
0.012542805,0
-0.008542782,0
-0.014980128,0
-0.012161456,1
0.015940867,1
0.004695829,1
0.015009882,0
-0.002865009,1
0.013589871,1
0.000781719,0
-0.014872616,1
0.014440404,0
-0.002447478,0
-0.00182824,0
-0.004487789,0
-0.000286729,0
-0.007576603,1
0.002609038,1
0.00041636,1
0.028452747,1
0.002723757,1
0.002693075,1
0.016153751,0
-0.002627911,0
-0.015526432,1
0.003196152,0
-0.011815925,0
-0.007794098,0
-0.015655438,1
0.006201526,1
0.003862018,1
0.005108395,1
0.01299019,0
-0.010548704,1
0.005456564,0
-0.009397319,0
-0.008355995,1
0.001163912,0
-0.011346897,0
-0.017501611,0
-0.004516875,0
-0.004883231,1
0.003434208,1
0.008708704,1
0.011364194,0
-0.009449977,0
-0.00550863,0
-0.001509929,0
-0.004676354,1
0.012493085,0
-0.00148426,1
0.01007857,0
-0.0018355,0
-0.012321277,0
-0.023498245,1
0.006878942,0
-0.014397971,0
-0.001134132,1
0.023691301,1
0.006240999,0
-0.010882798,1
0.009971309,0
-0.005541649,1
0.006052778,0
-0.003432042,0
-0.016368667,0
-0.01627163,1
0.016079887,1
0.010449479,1
0.002402467,0
-0.001078105,1
0.005570684,1
0.003880353,1
0.003964044,0
-0.005242679,0
-0.011421748,1
0.003265361,0
-0.01732813,0
-8.4493E-05,1
0.005686859,1
0.000949452,0
-0.003827783,0
-0.007339496,1
0.003089931,0
-0.016663,1
0.008124134,0
-0.01207946,1
0.006956086,0
-0.002763213,1
0.019654244,0
-0.004827289,0
-0.015010049,0
-0.01114928,0
-0.017003901,1
0.004030008,0
-0.000564583,0
-0.001059191,0
-0.022390302,0
-0.018637021,1
0.006225939,0
0,0
-0.049215589,0
-0.005804942,0
-0.016112477,0
-0.031059935,0
-0.01903427,1
0.038983226,1
0.008789676,0
-0.005166606,1
0.011489117,1
0.021922031,0
-0.002296002,1
0.012305618,1
0.01992714,0
-0.002480695,1
0.001645444,0
-0.008344378,0
-0.005355597,1
0.022938254,1
0.015208281,0
-0.005266851,0
-0.001529794,1
0.006935907,0
-0.018632578,0
-0.007873065,1
0.004557322,1
0.015296047,0
-0.004697679,1
0.000387175,1
0.013720973,1
0.004108755,0
-0.023818361,0
-0.017165909,0
-9.43583E-06,1
0.022948159,1
0.002877963,1
0.014366917,1
0.014526133,0
-0.002734927,1
0.002455637,1
0.00158242,0
-0.001767368,1
0.018563394,1
0.001861135,1
0.000902551,0
-0.003142947,1
0.010898871,0
-0.007297621,0
-0.0049271,1
0.011705936,1
0.006154702,0
-0.006842806,0
-0.018251414,1
0.010349839,0
-0.000657779,0
-0.008381237,1
0.013187008,1
0.022318309,0
-0.002776947,0
-0.007531488,0
-0.015867946,0
-0.002780873,1
0.000272705,0
-0.015557529,1
0.003296468,1
0.010052802,1
0.007546105,1
0.00580968,0
-0.008377118,1
0.004351144,0
-0.000209627,1
0.004123531,1
0.006751525,1
0.003361766,0
-0.011145372,1
0.005740018,1
0.009180112,1
0.006213152,0
-0.006498878,0
-0.003588322,0
-0.004798787,1
0.001220631,0
-0.009467814,0
-0.006276187,1
0.006834093,0
-0.016245125,1
0.010030419,0
-0.009922029,0
-0.007334291,1
0.007924525,1
0.003518942,1
0.000998101,0
-0.000194127,0
-0.028612783,1
0.01174771,1
0.014933951,0
-0.007078393,0
-0.024737124,0
-0.004038595,0
-0.005972367,0
-0.003082574,1
0.014858772,1
0.014340187,0
-0.002823893,1
0.008757215,0
-0.001814914,0
-0.011016767,0
-0.018873734,1
0.013513763,0
-0.015510301,1
0.008224247,1
0.017975116,0
-4.50682E-05,1
0.000459716,0
-0.002847129,1
0.022634247,1
0.019491421,0
-0.006673369,1
0.014509571,0
-0.00449788,1
0.00584861,1
0.003392567,0
-0.00229401,0
-0.001089586,0
-0.009679553,1
0.011378617,0
-0.000523084,1
0.00406675,0
-0.015756778,1
0.001510613,0
-0.004238941,0
-0.014651345,1
0.005848728,1
0.005349191,1
0.002455049,0
-0.000740812,0
-0.008530012,0
-0.009993314,1
0.000835259,0
-0.003205071,1
0.002280156,0
-0.006656062,1
0.011334765,0
-0.023689262,1
0.006632297,0
-0.007614693,1
0.023418439,0
-0.002038338,0
-0.001420871,1
0.000622515,0
-0.015411005,0
-0.006201312,0
-0.007102892,0
-0.001518561,0
-0.013889398,0
-0.010099227,1
0.010765404,1
0.008858597,0
-0.001748799,0
-0.010262226,0
-0.019339873,0
-0.00302089,1
0.03750393,0
-0.014547458,0
-0.016793879,1
0.018549939,1
0.021143538,0
-0.005659449,1
0.006562365,1
0.007612249,0
-0.01329309,0
-0.010990219,1
0.005685817,1
0.010183975,0
-0.01208663,0
-0.008553081,0
-0.006411986,0
-0.002809883,1
0.002329382,0
-0.024795247,1
9.6091E-06,1
0.008849898,0
-0.019763787,0
-0.001574115,1
0.003123996,0
-0.01662883,1
0.006570639,0
-0.010487523,0
-0.002268315,1
0.028691413,1
0.00093614,0
-0.016535858,0
-0.013431504,0
-0.017042801,1
0.003619306,0
-0.016701588,0
-0.002673797,1
0.017575216,0
-0.000827748,0
-0.021387727,0
-0.021225417,1
0.006223038,1
0.036729945,0
-0.012183655,0
-0.024719032,0
-0.033961987,1
0.00749617,0
-0.006448343,0
-0.003755196,0
-0.018509037,1
0.005660754,0
-0.027018675,0
-0.038352466,0
-0.032910646,0
-0.027017137,1
0.057327316,0
-0.005631766,1
0.016883674,1
0.054078139,1
0.004249355,1
0.009791976,0
-0.029573726,0
-0.023082314,0
-0.034296029,1
0.029918524,1
0.020010005,1
0.032722379,1
0.003512027,0
-0.005326642,0
-0.021675149,1
0.040047048,1
0.011559122,0
-0.00159097,1
0.023611874,0
-0.013958136,1
0.012726284,1
0.014051572,0
-0.022686195,1
0.007535659,0
-0.013850942,0
-0.018987613,1
0.000796013,0
-0.001884942,0
-0.041536127,1
0.017516685,0
-0.015950302,1
0.016800318,1
0.010112762,1
0.007331443,0
-0.000142923,0
-0.02478421,1
0.003269779,1
0.001449748,0
-0.019728426,0
-0.004647862,0
-0.030064638,1
0.002454584,0
-0.013827937,0
-0.017284395,1
0.024862991,1
0.018209752,0
-0.032259196,0
-0.014612568,1
0.04002306,0
-0.023587409,0
-0.010822432,0
-0.022431162,0
-0.019111144,1
0.01405868,0
-0.02456299,1
0.034965755,1
0.039058613,1
0.007326534,1
0.047157254,0
-0.023946795,1
0.022301807,1
0.005903094,1
0.017333982,0
-0.010625528,1
0.006717893,0
-0.015220836,1
0.017167139,0
-0.008266028,0
-0.009076306,1
0.009703565,0
-0.005557364,1
0.017160405,1
0.008202362,1
0.007750317,1
0.009143644,0
-0.022852256,0
-0.008763086,0
-0.02073228,1
0.007715222,0
-0.000475678,1
0.024633724,1
0.006148606,0
-0.010408538,0
-0.004020614,1
0.019414769,1
0.021451622,0
-0.003437714,1
0.002493149,0
-0.020967552,1
0.027986116,0
-0.002726682,0
-0.00190108,0
-0.01474538,0
-0.003442846,0
-0.01202075,1
0.006265512,0
-0.022176425,1
0.013957399,1
0.000563879,0
-0.003734972,0
-0.013420883,1
0.02351936,0
-0.008139279,0
-0.013145218,0
-0.007709399,1
0.013016681,1
0.00180852,0
-0.005471484,0
-0.003148565,0
-0.016028595,1
0.004557916,1
0.000488975,1
0.033199973,0
-0.000484032,1
0.022474383,0
-0.006544601,0
-0.014085575,1
0.019386107,0
0,0
-0.001412292,1
0.005829897,0
-0.014425864,0
-0.00394241,0
-0.014017057,0
-0.015702278,0
-0.010432392,1
0.010223599,0
-0.029233439,0
-0.01615974,1
0.013050455,1
0.00677895,0
-0.022849276,1
0.013130321,1
0.005399088,0
-0.014087781,0
-0.005435039,0
-0.00644863,0
-0.010093659,1
0.007569092,0
-0.008098377,0
-0.012686927,0
-0.001600137,1
0.021434601,1
0.019499575,0
-0.007096115,0
-0.009501497,1
0.013224227,0
-0.018380749,1
0.007194504,0
-0.013141419,1
0.011757598,1
0.00462211,0
-0.0075373,0
-0.015356788,1
0.00956216,0
-0.009339037,1
0.008259336,0
-0.025829724,0
-0.00835934,1
0.004321057,1
0.034457031,1
0.001646833,1
0.035426692,1
0.004242052,1
0.0087368,1
0.002082332,1
0.022892309,0
-0.03533916,1
0.012161115,0
-0.005475913,0
-0.001643773,0
-0.005779947,0
-0.017741749,1
0.012143649,1
0.026115926,0
-0.005051652,1
0.002738319,1
0.001228879,0
-0.001863785,0
-0.014004486,1
0.00645504,0
-0.00376328,1
0.019497869,1
0.006303447,0
-0.012236055,1
0.01553568,0
-0.001756978,1
0.021703793,1
0.008393956,0
-0.008258797,0
-0.013846373,1
0.017834693,1
0.003279262,0
-0.001002353,0
-0.000676177,1
0.015038743,0
-0.003795372,1
0.008461497,0
-0.005104935,0
-0.010057873,1
0.014278418,1
0.012534685,0
-0.002973199,0
-0.003204924,1
0.007867728,0
-0.002503512,0
-0.024917929,0
-0.001129489,1
0.004012047,1
0.009150766,1
0.0014487,1
0.019566662,1
0.00182873,0
-0.003755691,1
0.014689777,1
0.00353885,1
0.004715615,1
0.01510972,1
0.003954413,0
-0.0024037,0
-0.011976594,1
0.009129753,1
0.012834572,1
0.001032602,0
-0.009914773,1
0.022384965,1
0.000910224,0
-0.001551905,0
-0.015236266,1
0.000995275,0
-0.014110818,1
0.001843853,0
-0.008266816,1
0.010765697,0
-0.009738086,0
-0.001761898,1
0.008024628,1
0.01163572,0
-0.008100629,1
0.01899158,1
0.00340495,0
-0.005586204,0
-0.013480209,1
0.009547891,1
0.005730659,0
-0.003426773,0
-0.006327343,0
-0.012433482,1
0.01180569,0
-0.014617646,1
0.009511647,1
0.000506017,0
-0.007090764,1
0.017400163,0
-0.002162855,0
-0.007265283,0
-0.001809397,1
0.002855725,0
-0.010259414,1
0.002724073,0
-0.017663458,1
0.001677957,1
0.007279646,1
0.003562189,1
0.003068771,1
0.009953191,0
-0.006381582,1
0.006585165,1
0.000161533,1
0.00915542,1
0.002610679,0
-0.002045194,1
0.002969109,0
-0.010176722,1
0.000654543,1
0.003039116,1
6.01968E-05,1
0.006069483,1
0.005155359,1
0.01386891,1
0.004187908,1
0.001656484,0
-0.006400965,1
0.010035344,0
-0.008210228,0
-0.011972595,1
0.005440589,1
0.002174298,0
-0.003750135,1
0.014179994,0
-0.00313836,1
0.013265495,0
-0.00315512,0
-0.013007816,1
0.00607145,0
-0.019095653,0
-0.006053221,0
-0.006399075,1
0.009760746,0
-0.010540643,1
0.02234003,1
0.001983854,1
0.009419352,1
0.004369568,1
0.004737275,0
-0.005263411,1
0.004788253,0
-0.000645018,1
0.007022715,1
0.00395083,0
-0.00259176,1
0.003162138,0
-0.010237413,1
0.005157218,1
0.001292262,0
-0.01498045,1
0.003309523,0
-0.004701239,1
0.002157623,1
0.015187222,1
0.001260998,0
-0.001116295,1
0.00360097,1
0.007908938,0
-0.005448433,0
-0.001367197,1
0.00593263,0
-0.004574453,0
-0.005791817,0
-0.000515705,1
0.011427807,0
-0.000113365,0
-0.007615196,0
-0.006397867,0
-0.009083679,1
0.008016245,0
-0.00843214,1
0.001576936,1
0.016227494,1
0.001720401,1
0.004326827,0
-0.000236194,1
0.011264411,0
-0.003270661,0
-0.001771953,1
0.004686634,0
-0.007684254,1
0.007338672,0
-0.008519672,0
-0.001065857,1
0.011491431,1
0.002725864,0
-0.005678962,1
0.006638328,1
0.001255662,1
0.011797711,0
-0.000468242,1
0.003922217,1
0.002808937,0
-0.001797429,1
0.00169098,1
0.01240088,1
0.000144212,1
0.002045709,0
-0.003075789,1
0.012377198,1
0.001301004,1
0.002367243,1
0.004954143,0
-0.008878798,1
0.004786694,0
-0.005331654,1
0.008294536,1
0.00135336,1
0.006863654,0
-0.000921198,1
0.007771543,0
-0.003206636,0
-0.00208927,1
0.012106347,0
-0.009789072,0
-0.013618167,1
0.004989012,0
-0.002636429,1
0.003660089,1
0.000678259,0
-0.008362455,1
0.001846378,1
0.012537546,0
-0.002581469,1
0.005027154,1
0.010667458,0
-0.004880113,0
-0.005468228,1
0.00975729,0
-0.004468492,0
-0.00413259,0
-0.002571792,0
-0.002727011,0
-0.001656456,1
0.004011939,1
0.001084229,1
2.62029E-05,1
0.009633693,0
-0.005943061,0
-0.002715168,1
0.007757552,1
0.001723138,0
-0.008350189,0
-0.005779289,0
-0.014606732,0
-0.015232536,1
0.012477525,0
-0.01442977,1
0.005677137,1
0.011776357,0
-0.001308085,0
-0.011200114,0
-0.012885901,0
-0.001405828,0
-0.002358534,1
0.016457134,0
-0.001135872,1
0.013041281,1
0.004035743,0
-0.000700976,1
0.005292086,1
0.00850579,1
0.00765458,0
-0.002059902,0
-0.006697614,0
-0.001008347,1
0.005169705,0
-0.013796476,0
-0.001106763,1
0.000593882,1
0.005067149,1
0.001128191,0
-0.015627201,1
0.005393126,1
0.014082126,1
0.0005702,0
-0.004471331,1
0.002307354,0
-0.013803465,0
-0.007599718,0
-0.005961145,1
0.009320473,1
0.001744873,1
0.001849023,0
-0.006802903,0
-0.013698999,0
-0.016401351,1
0.013713715,1
0.001615715,0
-0.000719975,0
-0.000738734,0
-0.010568972,1
0.006872187,0
-0.002620175,1
0.000468462,1
0.004048918,1
0.001600234,1
0.016195884,1
0.001680023,1
0.005659447,0
-0.000561868,1
0.000544337,1
0.003344511,0
-0.007431177,1
0.005265845,1
0.016053309,1
0.001394089,0
-0.00947361,1
0.004569964,0
-0.009863877,1
0.005989727,1
0.001413428,0
-0.001384968,1
0.002809113,0
-0.004307573,1
0.003618444,1
0.008488994,0
-0.002989406,0
-0.004453718,0
-0.001778889,1
0.002390783,1
0.003986869,0
-0.010326449,0
-0.003188719,0
-0.008166131,1
0.001917236,0
-0.008253378,1
0.003345055,1
0.001383884,1
0.000708933,0
-0.003291067,0
-0.004300611,0
-0.004897487,0
-0.000326895,1
0.007048714,0
-0.013340309,1
0.002715106,0
-0.009709623,0
-0.001960965,1
0.009925558,1
0.00054803,1
0.004564418,1
0.001172269,1
0.004447591,0
-0.006262312,0
-0.000963908,0
-0.016320326,0
-0.015480707,1
0.001174845,1
0.012973846,0
-0.003011937,0
-0.011675141,1
0.001476633,1
0.013655147,1
0.002195786,1
0.012443261,0
-0.003597615,1
0.006543075,0
-0.002449084,1
0.000465464,1
0.008000438,1
0.000117651,1
0.002425142,0
-0.007781399,1
0.004630851,1
0.001521408,1
0.011203342,0
-0.004184886,1
0.006878407,0
-0.004476986,1
0.001890224,1
0.004953594,1
0.001681614,1
0.002220623,0
-0.007037073,1
0.00279372,1
0.004494882,0
-0.005626689,1
0.006326858,0
-0.013937838,0
-0.004669708,1
0.001578909,0
-0.005900316,1
0.005890029,1
0.004270039,0
-0.000215285,1
0.015198823,1
0.003243482,0
-0.000607838,1
0.006672661,0
-0.00998205,0
-0.007526644,1
0.002005097,0
-0.002267896,0
-0.00730942,0
-0.009293847,1
0.004450326,1
0.005269807,0
-0.009694445,1
0.000380697,1
0.002564195,0
-0.009715406,0
-0.000857868,1
0.01487943,1
0.012879245,1
0.001803803,1
0.002430306,1
0.00030084,1
6.1919E-05,1
0.011153567,1
0.016165292,1
0.003873734,0
-0.00109761,0
-0.000695345,0
-0.001005086,1
0.009089267,1
0.009109657,0
-0.000295566,0
-0.007087226,1
0.005538399,1
0.001362167,0
-0.011161337,1
0.005895723,0
-0.000254833,1
0.004095366,1
0.000753114,0
-0.00344988,0
-0.004038793,1
0.014959832,0
-0.000872945,1
0.000705687,0
-0.00077235,0
-0.011064902,1
0.004867978,1
0.005436207,0
-0.001042683,1
0.008989899,1
0.00392098,1
0.001944523,0
-0.002106625,0
-0.007446932,1
0.000368441,1
0.009015117,1
0.003434459,1
0.000462974,0
-0.004305323,1
0.007154002,0
-7.41632E-05,1
8.24097E-05,0
-0.001343167,0
-0.008127599,0
-0.011671533,0
-0.003636241,1
0.003514345,0
-0.001422703,1
0.003414293,0
-0.006091208,1
0.003981437,0
-0.008638545,1
0.006004552,1
0.009683329,0
-0.009490125,0
-0.007783021,0
-0.006457321,0
-0.003485126,1
0.004004296,1
0.00484419,1
0.000408834,0
-0.002715934,1
0.008451714,1
0.006890947,1
0.003186481,0
-0.002765695,1
0.011043038,0
-0.001088917,1
0.000482642,0
-0.008575231,1
0.004211445,1
0.00692559,1
0.000696922,1
0.003299783,1
0.0001818,0
-0.007923393,1
0.000691235,0
-0.014489256,1
0.005598858,1
0.007893853,1
0.009306782,0
-0.006414225,1
0.005658026,0
-0.000272635,1
0.000322293,1
0.009624361,1
0.002610218,0
-0.004798786,0
-0.010185086,1
0.001855826,0
-0.007574943,1
0.005607913,0
-0.00751562,0
-0.00808182,1
0.001801241,0
-0.000495711,0
-0.004909131,0
-0.010196151,1
0.000699832,0
-0.000946671,1
0.002441481,0
-0.007596144,1
0.013772568,0
-0.000711015,0
-0.006479921,1
0.002728234,1
0.004480835,1
0.00226005,1
0.005979427,0
-0.008344947,1
8.46597E-06,1
0.005545161,0
-0.011761635,0
-0.010001789,0
-0.016023407,1
0.002230132,1
0.005933786,0
-0.013254914,1
0.019736264,0
-0.006758912,1
0.008671047,0
-0.008914895,1
0.004028687,0
-0.011380342,1
0.011922465,1
0.004590051,0
-0.000851862,1
0.012470181,0
-0.002568792,0
-0.001091563,1
0.006394331,0
-0.010705439,1
0.004193034,0
-0.010033216,0
-0.004580113,1
0.010086218,1
0.006957253,1
0.010018743,1
0.004656028,0
-0.001511234,1
0.00385107,1
0.0001759,0
-0.003400136,1
0.006394904,1
0.000968588,0
-0.006072841,1
0.008997063,1
0.001721815,0
-0.006867117,1
0.001245799,0
-0.000208767,0
-0.002163273,1
0.005239941,0
-0.00234818,1
0.002261896,1
0.002573242,1
0.002217774,1
0.003630095,1
0.004954747,0
-0.000706679,0
-0.002047529,1
0.000222477,0
-0.010833031,0
-0.007628693,0
-0.000738521,1
0.009137559,0
-0.001431461,0
-0.007100888,1
0.002610528,1
0.008832591,0
-0.008340318,1
0.002452006,1
0.011679064,1
0.006254848,1
0.002271534,1
0.000883645,1
0.002624071,1
0.001157766,0
-0.005529676,1
0.00673147,1
0.004758612,0
-0.006606218,1
0.005411397,0
-0.003769211,1
0.001733074,1
0.004572923,1
0.005603215,0
-0.007670537,1
0.000947998,1
0.007099203,1
0.000739479,0
-0.007373257,0
-0.007638406,0
-0.002682605,1
0.00674499,0
-0.001827218,1
0.007061906,0
-0.005994458,1
0.002828371,0
-0.011775957,1
0.000738104,0
-0.000999803,1
0.000566028,1
0.001656131,0
-0.003388637,0
-0.006570356,1
0.002298299,0
-0.005996519,1
0.005958012,0
-0.003192332,1
0.009864202,1
0.001032508,0
-0.002922421,1
0.01261884,1
0.002407997,0
-0.003793394,1
0.007964796,0
-0.000741051,0
-0.00754498,0
-0.003281352,1
0.000464487,1
0.008291725,0
-0.005565833,0
-0.007863398,0
-0.009121129,1
0.003652289,1
0.000551613,1
0.000279769,1
2.46786E-05,1
0.001011796,1
0.008866866,1
0.000920435,0
-0.001717108,0
-0.009969838,0
-0.014887152,0
-0.004095654,1
0.003701248,0
-0.007166151,0
-0.002071876,0
-0.006068176,0
-0.000713267,1
0.008267904,1
0.002974961,0
-0.010049576,1
0.014955778,0
-0.015019736,1
0.001519783,1
0.016777016,0
-0.00236789,0
-0.004312434,0
-0.010475247,1
0.016549326,1
0.007176175,0
-0.003521098,1
0.009977053,1
0.004264217,1
0.000163942,1
0.002188273,0
-0.003451068,1
0.001690478,1
0.00844632,1
0.003054527,0
-0.000817999,0
-0.003809647,1
0.001790059,1
0.009413504,1
0.004401352,1
0.005271295,1
0.005084273,1
0.0034728,1
0.002085951,0
-0.008507786,1
1.59051E-05,0
-0.00636193,1
0.012157057,1
0.000324195,0
-0.002363487,1
0.001275662,0
-0.0050091,0
-0.001216826,1
0.002810868,1
0.000841691,1
0.00555366,1
0.00418958,0
-0.001414272,0
-0.002848286,0
-0.005839094,0
-0.00023811,1
0.002516632,1
0.004220813,1
0.000425827,0
-0.009553387,1
0.001297213,0
-0.002980519,0
-0.004886721,1
0.016430477,1
0.003672762,1
1.57052E-05,1
0.009399441,1
0.003656307,0
-0.000356548,1
0.003481457,0
-0.006274243,1
0.001205231,0
-0.003634641,0
-0.003897329,1
0.005563685,0
-0.018326278,1
0.001847022,1
0.002405406,0
-0.00172079,1
0.007235032,1
0.007763987,1
0.001152899,0
-0.003983816,1
0.001859259,0
-0.009060711,0
-0.00535866,1
0.000783209,0
-0.008094734,1
0.008662873,0
-0.001477502,1
0.002539999,0
-0.003259694,1
0.010032783,1
0.003504426,1
0.007328125,0
-0.001659712,0
-0.003262795,1
0.007505612,0
-0.003775132,1
0.0012735,1
0.003637266,0
-0.01040089,1
0.008261365,0
-0.001626344,0
-0.001481608,0
-0.006968452,0
-0.001861906,1
0.002029971,0
-0.004880834,1
0.0073493,1
0.001989731,1
0.010396144,1
0.004269815,1
0.001772805,1
0.001470892,0
-0.001659973,0
-0.006014957,1
0.006020521,0
-0.002582296,1
0.000983352,0
-0.001028435,0
-0.00643818,1
0.007469669,0
-0.002026265,0
-0.004168429,1
0.00230146,1
0.006256694,1
0.004311104,0
-0.001921376,0
-0.010343458,1
0.000864531,0
-0.007750922,1
0.001204754,1
0.000776325,0
-0.014428447,1
0.011656645,1
0.01736519,1
0.001743586,1
0.001168001,0
-0.000137252,0
-0.002417485,0
-0.004869621,1
0.002819303,1
0.003301645,1
0.000679535,0
-0.004135479,1
0.006144699,0
-0.004081602,1
0.0033643,1
0.010295294,0
-0.000829713,1
0.000362357,0
-0.001728119,0
-0.012798125,0
-0.011241117,1
0.002524705,0
-0.001869448,0
-0.016841062,0
-0.006699099,1
0.004136914,0
-0.003914667,0
-0.004349996,1
0.001583664,1
0.011370047,1
0.005719314,0
-0.015873016,1
0.008135954,1
0.012298341,1
0.001952229,0
-0.017799755,0
-0.001138079,0
-0.006092495,1
0.001417028,0
-0.004475607,0
-0.012696638,0
-0.010279845,1
0.005189223,1
0.021235082,0
-0.003677875,0
-0.009108778,0
-1.61272E-05,1
0.009740993,0
-0.005270724,0
-0.000883109,1
0.004869425,0
-0.00908393,1
0.005487411,1
0.021565008,0
-0.002097622,1
0.007864903,0
-0.007248924,1
0.002494276,0
-0.006749969,1
0.001469798,1
0.004087301,0
-0.010938924,0
-0.012958843,0
-0.004902237,0
-0.001383271,1
0.001919821,1
0.018555051,0
-0.008477469,0
-0.007076926,1
0.016625144,1
0.006320832,0
-0.000378286,0
-0.004099653,1
0.012151678,0
-0.001478237,0
-0.004496107,1
0.006003525,1
0.001345274,0
-0.000710788,0
-0.002806091,0
-0.003362675,0
-0.004349262,1
0.004628935,0
-0.003986445,1
0.001160459,1
0.01369647,1
0.007661911,1
0.001582486,1
0.003714893,0
-0.003670429,1
0.001001911,0
-0.00448869,1
0.002374342,0
-0.000748422,1
0.005165664,1
0.001920447,0
-7.66707E-06,0
-0.000345021,1
0.005514565,1
0.001708606,0
-0.009891491,0
-0.00479904,1
0.003786649,1
0.00047732,1
0.010442156,1
0.003777292,0
-0.001358046,1
0.002727383,1
0.000992522,0
-0.002172301,1
0.005211217,0
-0.005395493,0
-0.002465801,1
0.008815163,1
0.007516756,1
0.000187078,1
0.001915322,0
-0.00246425,0
-0.003391099,1
0.002095664,1
0.012075466,1
0.00222186,0
-0.00268988,1
0.000800249,1
0.002043445,0
-0.002563875,1
0.009541094,1
0.002047211,1
0.00251168,0
-0.003652168,1
0.001400242,1
0.000732086,1
0.001199742,1
0.006152272,1
0.000261434,1
0.003513918,1
0.00496303,0
-0.008451637,1
0.000428362,1
7.25726E-06,0
-0.007351554,0
-0.000343615,0
-0.002223295,1
0.011346478,1
0.002217745,1
0.00208267,0
-0.005332968,1
0.001864575,1
0.002549062,1
0.006356453,1
0.002404502,1
0.002284168,1
0.001028748,0
-0.000499572,1
0.001649411,1
0.002338164,0
-0.003655527,0
-0.013597916,1
0.003487951,1
0.009201569,1
0.000821734,0
-0.002798741,1
0.008885166,1
0.002959294,0
-0.000275952,0
-0.003970557,1
0.001811993,1
0.002269761,0
-0.001047387,1
0.001168919,1
0.008689438,1
0.001122421,0
-0.00323035,1
0.002158203,0
-0.001416997,0
-0.003673965,0
-0.005316224,1
0.004352264,1
0.007015315,0
-0.001478792,0
-0.004513136,0
-0.001177466,1
0.00120709,0
-0.006084578,1
0.002220315,0
-0.00051669,1
0.001940359,1
0.006339895,1
0.004853142,1
0.000817764,0
-0.000893917,0
-0.00297074,1
0.002895462,0
-0.005277875,1
0.003541938,1
0.00850146,0
-0.011269816,0
-0.00120795,0
-0.001096908,1
0.005772128,1
0.006592853,1
0.005353766,1
0.001694399,0
-0.00096659,1
0.000698001,1
0.001395028,0
-0.001179294,0
-0.007077214,0
-0.003261338,1
0.00759748,1
0.007644053,1
0.001037587,0
-0.000871768,1
0.002844305,0
-0.001404417,0
-0.000857556,0
-0.00356363,0
-0.001254143,0
-0.034725432,1
0.005560956,0
-0.002594504,0
-0.011402752,0
-0.009407643,1
0.015493552,0
-0.002465225,1
0.00712659,1
0.00068479,1
0.00267313,0
-0.020368264,1
0.006691099,1
0.003683759,0
-0.003828253,1
0.010894409,1
0.006333538,1
0.017080811,0
-0.000348422,1
0.001094427,1
0.000967892,0
-0.006184348,0
-0.007965785,1
0.003739689,0
-0.001173965,1
0.002597019,1
0.009280124,1
0.001112834,1
0.003049945,1
0.000775752,0
-0.000186867,1
0.002616623,0
-0.006572815,1
0.006206259,1
0.003488051,1
0.010751282,1
0.002049752,1
0.00069318,0
-0.001202037,1
0.009260707,0
-0.002304039,0
-0.000351131,1
0.010139083,0
-0.000782389,0
-0.000120462,0
-0.007830958,1
0.00265116,1
0.006472448,1
0.004325098,1
0.002149908,1
0.002563728,0
-0.001165964,1
0.00322341,0
-0.013956287,1
0.009641495,0
-0.001793007,0
-0.001303928,1
0.00862649,0
-0.000918013,1
0.006610478,1
0.001543261,0
-0.000642581,0
-0.001207254,0
-0.009702551,1
0.0054527,1
0.0015702,1
0.007983611,1
0.000254864,1
0.003737048,1
0.001848549,0
-0.005347003,0
-0.008863777,0
-0.017569758,1
0.011370345,1
0.000961749,0
-0.010681722,1
0.015184193,1
0.004816352,1
0.006526721,0
-0.001213378,1
0.001730838,0
-0.013601095,1
0.006180429,0
-0.012895893,0
-0.003207859,0
-0.003238212,1
0.009009371,0
-0.000418232,0
-0.001567367,1
0.010696112,1
0.00358029,1
0.000347571,1
0.003304051,1
0.000921304,0
-0.014185462,1
0.0057214,1
0.019055019,1
0.003101376,0
-0.001919485,0
-9.68042E-05,0
-0.002065356,1
0.004469108,0
-0.012220877,1
0.004869304,0
-0.019804485,1
0.004665661,0
-0.023338537,0
-0.015991529,1
0.01025395,0
-0.012646634,1
0.007242642,1
0.004359364,0
-0.026586062,1
0.024151117,1
0.006159423,1
0.014071822,0
-0.029649614,1
0.000378504,0
-0.000495308,0
-0.01815654,0
-0.013907777,1
0.003248738,1
0.024566525,0
-0.000269721,1
0.001086092,1
0.011712919,0
-0.001072353,1
0.011535043,0
-0.00850362,0
-0.023473026,1
0.021921863,0
-0.004181013,1
0.011216761,1
0.010468185,0
-0.011501121,1
0.00425188,0
-0.016908458,0
-0.001272746,1
0.013632293,1
4.75708E-05,1
0.008419636,1
0.000202163,0
-0.005120431,1
0.029208005,1
0.006086407,0
-0.006723217,1
0.004609053,0
-0.005256431,0
-0.000342617,1
0.005411248,1
0.003907121,0
-0.003023417,1
0.013289668,0
-0.000265022,0
-0.004551832,1
0.002110952,1
0.009560291,0
-0.003216508,1
0.008096201,0
-0.001712296,0
-0.005158499,1
0.004754215,0
-0.008381355,0
-0.006573213,1
0.001761422,0
-0.000752641,0
-0.025615552,1
0.003798405,1
0.008802852,0
-0.002441448,0
-0.000976331,1
0.013787639,1
0.003712678,0
-0.006463419,1
0.011992005,0
-0.026423473,1
0.000802153,0
-0.004954791,1
0.012049235,0
-0.029369783,0
-0.000576029,0
-0.014286974,0
-0.009988306,1
0.029092956,0
-0.007069309,0
-0.013212474,1
0.005230335,0
-0.017460274,1
0.004486245,0
-0.015926929,1
0.016890533,0
-0.023238703,1
0.014930146,1
0.028559826,1
0.000476508,1
0.007770188,0
-0.005887357,0
-0.006540253,1
0.01519015,1
0.015036936,0
-0.001777966,1
0.007510002,0
-0.025271115,1
0.006050147,1
0.001224278,0
-0.013746212,0
-0.015020948,1
0.006279826,0
-0.001360843,1
0.004900206,1
0.016669863,1
0.008077011,1
0.00080858,0
-0.01428228,1
0.00150379,0
-0.006851585,0
-0.014437876,0
0,0
-0.024551535,1
0.003223224,0
-0.018352187,1
0.013624037,1
0.007948167,0
-0.013595432,1
0.010870651,0
-0.024924978,0
-0.005612079,0
-0.02909263,0
-0.006045378,0
-0.011085203,1
0.021442198,1
0.010062752,0
-0.015871959,1
0.017548342,1
0.006159709,0
-0.004764002,1
0.016772262,1
0.012237496,0
-0.0104628,0
-0.031995481,0
-0.007623593,1
0.00788571,0
-0.004203724,1
0.005889025,1
0.007265911,1
0.01360408,0
-0.013421493,1
0.000837744,0
-0.000896303,1
0.008340871,0
-0.012867363,1
0.007902989,1
0.013790147,1
0.006917918,0
-0.00091943,0
-0.008941899,0
-0.02708967,1
0.000533582,0
-0.003447654,1
0.005238364,0
-0.022013946,0
-0.008410384,0
-0.015463479,1
0.037129821,0
-0.00899557,1
0.005126951,0
-0.020783288,0
-0.008958654,1
0.042409525,0
-0.024287239,1
0.023944486,1
0.015321434,1
0.002303908,0
-0.008765771,0
-0.011460485,0
-0.007950157,1
0.005687261,1
0.035896273,0
-0.001934052,1
0.001301617,1
0.000796021,1
0.001561588,0
-0.005100034,0
-0.008092037,1
0.004474009,0
-0.020374113,0
-0.003383777,1
0.004599795,1
0.022691336,1
0.000622843,1
0.018139078,0
-0.001553588,0
-0.00881016,1
0.002899836,1
0.006442356,1
0.006494722,0
-0.001051623,0
-0.003888654,0
-0.00384632,1
0.017140713,1
0.003235557,0
-0.00453356,1
0.007651919,0
-0.018113745,1
0.003669474,0
-0.006725431,1
0.011020832,0
-0.00038473,1
0.004005588,1
0.010584527,1
0.001250378,1
0.000898025,0
-0.009273603,0
-0.016053488,1
0.002617368,0
-0.013210456,1
0.006846279,1
0.003962897,1
0.005334906,1
0.00151617,0
-0.010504292,0
-0.005787814,0
-0.000326643,1
0.019496079,0
-0.030889213,1
0.000793721,0
-0.002438021,0
-0.016894379,1
0.003279695,1
0.015046236,1
8.08806E-05,0
-0.006771362,0
-0.009711828,1
0.003752401,0
-0.018542928,1
5.31136E-05,0
-0.002814871,1
0.005843459,0
-0.029365265,0
-0.003717414,1
0.001267229,1
0.003835938,0
-0.01820361,1
0.001093918,0
-0.008385462,1
0.017080435,0
-0.022776164,1
0.006989692,0
-0.011089924,0
-0.009027907,0
-0.010901246,1
0.025063585,1
0.012012591,1
0.000285642,0
-0.000539391,1
0.013492063,1
0.004064213,0
-0.023124498,1
0.004167532,0
-0.018596553,1
0.023356044,1
0.016671944,0
-0.013143756,0
-0.005578437,0
-0.008966048,1
0.028718745,1
0.003354399,0
-0.017933741,1
0.023892834,1
0.00694273,0
-0.012050685,0
-0.002915655,1
0.005521725,1
0.004076013,0
-0.015097828,0
-0.009314876,1
0.006197254,1
0.002495018,1
0.011332686,0
-0.019625445,1
0.003686338,1
0.007982635,1
0.014840129,0
-0.013723591,0
-0.004092514,0
-0.002035098,0
-0.029922038,1
0.004430682,1
0.020510179,0
-0.034138146,1
0.006149399,1
0.01380637,1
0.002121612,0
-0.047135895,1
0.017523267,0
-0.047140738,1
0.043341779,1
0.040256608,0
-0.038236606,0
-0.015632637,0
-0.001977748,1
0.019656455,1
0.003382458,0
-0.088067784,1
0.052710544,0
-0.003159503,0
-0.040290769,0
-0.01350648,0
-0.038517872,0
-0.057394809,0
-0.011332724,0
-0.076167076,0
-0.011759276,1
0.11580036,0
-0.005322171,0
-0.090349796,1
0.04250749,0
-0.006212821,1
0.047684865,0
-0.030799675,0
-0.061012512,1
0.012634091,0
-0.034511238,0
-0.031764317,1
0.107890025,0
-0.011079095,1
0.025803954,1
0.015365427,0
-0.002529032,1
0.04082583,0
-0.052677107,0
-0.050263967,1
0.028854655,0
-0.012653197,0
-0.022040665,0
-0.051893876,1
0.069212719,0
-0.04169913,0
-0.025810441,1
0.009838378,0
-0.061155601,0
-0.067122914,1
0.063247568,1
0.064722573,1
0.006550757,1
0.035328147,1
0.009643115,0
-0.089295278,1
0.039940702,1
0.025836171,0
-0.029308404,1
0.036499373,1
0.038387343,0
-0.023117511,1
0.011894179,0
-0.028524087,1
0.007028469,0
-0.01268571,1
0.051360282,0
-0.009592851,0
-0.021162734,1
0.002936924,0
-0.018302023,0
-0.009717426,1
0.005781083,1
0.005356217,0
-0.003872594,1
0.024407076,1
0.014158358,1
0.031608082,0
-0.004668384,1
0.007817133,0
-0.030009629,1
0.003397121,0
-0.021303024,0
-0.02256416,1
0.001758095,0
-0.033459893,1
0.001329188,1
0.007561571,0
-0.052816073,1
0.04349122,0
-0.015162335,1
0.005377644,1
0.005553218,1
0.010925565,1
0.033557602,0
-0.033120159,0
-0.022789124,0
-0.000532765,1
0.015833979,0
-0.007489475,1
0.016365668,1
0.026896022,1
0.001485149,0
-0.049121153,1
0.00795493,1
0.001739151,0
-0.009997725,0
-0.045558996,0
-0.000950366,0
-0.012024048,0
-0.011412946,0
-0.034699046,1
0.040103319,0
-0.010657837,0
-0.015779841,0
-0.023564417,0
-0.046620142,0
-0.006406781,1
0.023753106,0
-0.042532299,1
0.001216028,0
-0.010023706,1
0.063663104,1
0.002445803,1
0.040728624,1
0.007739031,0
-0.003515961,1
0.032139967,1
0.020857965,0
-0.012979165,0
-0.0197694,1
0.07075754,0
-0.020257133,1
0.009463566,1
0.023320391,0
-0.020315539,0
-0.034818737,1
0.013129659,1
0.016556582,1
0.028727129,1
0.009731777,0
-0.008332344,0
-0.023854551,1
0.011783459,1
0.038053226,1
0.002533389,0
-0.020064514,1
0.01254902,1
0.015538812,1
0.004969375,0
-0.042789788,1
0.021252057,0
-0.00768163,1
0.009922352,1
0.016797352,0
-0.01006661,0
-0.002740493,1
0.021609991,0
-0.000950048,1
0.005396363,1
0.033868174,0
-0.00379172,1
0.017404293,0
-0.013202397,1
0.024069033,0
-0.021512435,0
-0.000978839,0
-0.026894919,1
0.010351616,0
-0.01141008,1
0.030389181,0
-0.001736817,0
-0.005131424,0
-0.016757612,0
-0.001497191,1
0.026302142,0
-0.018971142,1
0.015418897,1
0.01357476,1
0.025817612,1
0.001983306,0
-0.01373923,1
0.011483644,0
-0.002514696,0
-0.001010542,1
0.003503205,0
-0.003480365,1
0.00611191,1
0.001396988,0
-0.023768508,0
-0.012720305,0
-0.001381624,1
0.00841102,1
0.003114213,0
-0.030600393,1
0.002306728,1
0.006524411,1
0.021444269,0
-0.001477843,1
0.009065187,0
-0.008530785,1
0.00436192,0
-0.02914451,1
0.002565762,0
-0.01968355,0
-0.001668502,1
0.003547228,0
-0.004021843,1
0.024933741,1
0.00531602,1
0.029629957,1
0.008641764,0
-0.000382677,1
0.011431549,1
0.003627264,0
-0.000534266,1
0.023289696,1
0.003042129,1
0.002981843,0
-0.002606447,0
-0.004562994,1
0.011895606,1
0.000739802,1
0.015342083,1
0.003012078,0
-0.002913539,0
-0.005624701,1
0.013439243,0
-0.003344945,0
-0.012660113,1
0.011525117,1
0.006880027,0
-0.008531395,0
-0.024260773,1
0.010145652,1
0.006860873,1
0.010948759,1
0.01862275,0
-0.000555485,1
0.002379188,1
0.000116732,1
0.002781776,0
-0.001988399,0
-0.008076351,0
-0.022123807,0
-0.003296461,1
0.008534808,1
0.013117499,1
0.008844943,1
0.007782405,1
0.010422211,0
-0.001350394,1
0.006339129,1
0.003135304,1
0.015323523,0
-0.00305962,1
0.002637284,0
-0.003407283,1
0.006574869,0
-0.010068492,0
-0.009511062,0
-0.006090714,1
0.01780961,0
-0.002229581,0
-0.003337702,0
-0.025750423,0
-0.004505511,1
0.014875001,1
0.013705476,1
0.002702139,1
0.00747941,1
0.00564065,1
0.004377082,0
-0.002787638,1
0.017555303,1
0.004157433,0
-0.008098052,1
0.00940534,0
-0.006239127,0
-0.008853775,1
0.01064361,0
-0.012178496,0
-0.011726565,0
-0.003308527,0
-0.019540911,1
0.022519974,0
-0.028074026,1
0.006466058,1
0.002425974,1
0.001042653,1
0.019235547,1
0.002503211,1
0.022229496,0
-5.48913E-05,1
0.005031976,0
-0.010259351,1
0.005739303,1
0.014467571,1
0.000910484,0
-0.000459331,0
-0.013425842,0
-0.003214905,1
0.013615789,0
-0.000533338,1
0.004504138,0
-0.017233462,1
0.00379298,1
0.012075244,1
0.000342694,0
-0.008402149,1
0.005509492,0
-0.002468399,0
-0.010260594,1
0.003672397,1
0.00584886,1
0.003683041,1
0.006959445,0
-0.005547029,1
0.00112823,0
-0.011819542,1
0.005839043,1
0.010503687,1
0.003563574,1
0.002298707,1
0.00525616,1
0.001154037,0
-0.001409849,1
0.000204228,0
-0.010049537,1
0.016043404,1
0.00311565,1
0.000545525,1
0.003992472,1
0.002890477,1
0.001746755,0
-0.009381157,1
0.008325852,1
0.002426507,0
-0.010823189,1
0.01249967,0
-0.01059788,0
-0.018944853,0
-0.022141015,1
0.00459808,0
-0.004203213,1
0.004880193,0
-0.011817768,0
-0.009829143,1
0.014256847,1
0.012973062,0
-0.005465372,0
-0.031140639,1
0.002887754,0
-0.00885404,1
0.013040104,0
-0.00223256,1
0.00968047,0
-0.002744629,1
0.018000762,1
0.004237946,1
0.006584751,1
0.002186582,0
-0.001045827,0
-0.012102779,1
0.009720446,0
-0.002090044,1
0.001414414,1
0.010158535,1
0.002330355,1
0.000429219,1
0.003736179,1
0.013998593,0
-0.000166858,1
0.001703996,1
0.004533338,1
0.004041515,0
-0.000217346,1
0.000452178,1
0.007779159,1
0.005821676,0
-0.000334417,0
-0.005077971,1
0.005095267,1
0.00717098,0
-0.005493242,0
-0.001704176,1
0.000737735,1
0.005683231,1
4.26178E-05,0
-0.003272904,1
0.007413868,1
0.007919531,1
0.00168431,0
-0.005876765,1
0.003374378,1
0.006692346,1
0.001766622,1
0.000685344,1
0.011150088,1
0.000842523,0
-0.016126503,1
0.004521319,1
0.008058321,0
-0.001027196,1
0.002272105,1
0.007123532,0
-0.004296464,0
-0.023381874,1
0.006462732,1
0.012943191,0
-0.016655894,1
0.013129066,0
-0.023838438,0
-0.006586571,0
-0.032353521,0
-0.015308248,1
0.043974147,0
-0.003397342,1
0.01373952,0
-0.012153593,0
-0.018791633,1
0.001109467,0
-0.014196,0
-0.005130264,0
-0.038975831,1
0.015024403,0
-0.01290809,1
0.000353933,0
-0.005660922,1
0.032876071,0
-0.012374667,0
-0.017165255,1
0.025842665,1
0.004051421,0
-0.034411469,0
-0.013532041,1
0.010976039,0
-0.00594162,1
0.029506768,1
0.00437967,0
-0.00180469,1
0.023494214,0
-0.000555939,1
0.00128296,1
0.001317157,0
-0.003856789,0
-0.016070787,0
-0.002985456,0
-0.016803414,1
0.002859298,0
-0.002033879,0
-0.031017058,0
-0.010112942,0
-0.003240485,0
-0.00466239,1
0.005358994,1
0.031330856,1
0.009412697,1
0.007203924,1
0.000732866,1
0.015378911,0
-0.000155203,1
0.001196161,0
-0.028819495,1
0.005981895,1
0.011416569,0
-0.012819803,1
0.022513299,1
0.00822003,1
0.011200189,0
-0.001049318,0
-0.006922,0
-0.004158643,1
6.3548E-05,1
0.022022513,0
-0.004796333,1
0.006051086,0
-0.001268585,0
-0.003704,1
0.005483043,0
-0.005967423,0
-0.028178688,0
-0.005378762,0
-0.004023588,1
0.000120454,1
0.012192184,1
0.001482783,0
-0.016935366,0
-0.00366297,0
-0.004040347,0
-0.014512442,1
0.00328938,0
-0.0076848,1
0.016586773,0
-0.014719282,1
0.000390878,1
0.029504541,1
0.009080895,1
0.013218971,0
-0.01147115,1
0.006438672,1
0.004832237,1
0.004863337,1
0.011130639,0
-0.000713076,1
0.003541165,0
-0.000364422,1
0.000826917,1
0.015209801,0
-0.00256408,0
-0.004825493,0
-0.008331276,1
0.021194314,0
-0.005667424,1
0.004850459,0
-0.002587784,0
-0.003083697,1
0.004416404,0
-0.008034966,1
0.020861367,0
-0.000671979,0
-0.001646594,1
0.006122308,1
0.000145904,1
0.003818694,1
0.007121058,0
-0.003641457,1
0.002027585,1
0.007243728,0
-0.015877303,1
0.010524059,1
0.001773938,1
0.002389304,1
0.002146939,1
1.68688E-05,0
-0.00269053,1
0.001124783,0
-0.000439271,1
0.000946538,1
0.007759334,1
0.003678042,1
0.019282781,1
0.003922821,0
-0.002120977,0
-0.00805232,1
0.004376133,0
-0.004242191,0
-0.011808428,0
-0.001217468,0
-0.016205385,1
0.000212163,1
0.015357334,1
0.00254034,0
-0.001575354,0
-0.014284045,1
0.014922971,0
-0.007468603,0
-0.001378846,0
-0.00607025,1
0.021617043,1
0.012818493,1
0.002603293,0
-0.001298267,1
0.000515076,1
0.003701736,1
0.003842772,1
0.006001622,1
4.83715E-05,1
0.000910952,0
-0.005122464,1
0.006185083,1
0.000836773,1
0.002548416,1
0.006030086,1
0.003379563,0
-0.001644371,1
0.000612682,1
0.000771347,1
0.00100913,0
-0.0015082,0
-0.000190797,1
0.011330746,0
-0.001328731,1
0.005007085,0
-0.002122893,0
-0.001844801,0
-0.001376327,1
0.003725143,1
0.009007595,0
-0.001710784,1
0.007384558,1
0.001376388,0
-0.010115674,0
-0.001294933,1
0.002413572,1
0.005836288,1
0.000263394,1
0.004220945,1
0.002244279,0
-0.017852471,1
0.007662535,1
0.016693621,0
-0.002722566,1
0.00235424,1
0.002884248,1
0.006240131,1
0.00418483,0
-0.00278581,1
0.0007495,1
0.005507349,1
0.002384983,0
-0.003234959,1
0.006257483,1
0.003075611,1
0.001924755,0
-0.020528514,0
-0.006112023,0
-0.00099434,1
0.010550494,1
0.003363942,0
-0.01358433,0
-0.001645832,1
0.01238326,1
0.00736937,0
-0.003420898,0
-0.009950887,1
0.005143563,0
-0.009741712,0
-0.01252469,1
0.004147737,0
-0.02482223,0
-0.004892879,1
0.014623512,1
0.009762715,1
0.005482601,1
0.00285765,0
-0.0061765,1
0.010616452,1
0.006770694,1
0.002467669,0
-0.005720928,1
0.013295738,0
-0.000105574,1
0.005965534,1
0.000877154,0
-0.003572953,1
0.006058966,0
-0.002996294,1
0.003612354,0
-0.007034418,0
-0.010212753,1
0.003160782,0
-0.009649395,1
0.00855799,0
-0.010927097,1
0.002484034,1
0.016029735,1
0.0065787,0
-0.000912306,1
0.002731934,1
0.007777861,1
0.002725684,1
0.005539962,1
0.006045692,0
-0.008207195,0
-0.002120313,0
-0.011465166,1
0.006291655,0
-0.005525477,1
0.00667487,1
0.002889317,0
-0.011191549,1
0.008008666,0
-0.012176955,0
-0.006707482,1
0.004320568,1
0.011725155,0
-0.001977386,0
-0.019753454,1
0.003472565,0
-0.00699682,1
0.004201745,1
0.00934033,1
0.010314708,0
-0.000960622,0
-0.019543974,0
-0.014444605,1
0.000115708,0
-0.003555672,0
-0.007214125,1
0.000319666,1
0.000561185,0
-0.008140404,1
0.008018723,0
-0.005181226,0
-0.009265133,1
0.011383399,0
-0.00953572,1
0.013533775,1
0.005123214,0
-0.014586383,1
0.008647119,0
-0.011121503,1
0.012846481,1
0.013212671,1
0.007848799,1
0.00657609,1
0.01291485,0
-0.001965591,1
0.010903182,0
-0.008252157,0
-0.008111681,0
-0.008795512,1
0.00353271,1
0.001158284,0
-0.004862188,0
-0.004285649,1
0.001976526,1
0.013899784,1
0.001231953,1
0.008425491,0
-0.009054453,1
0.003558772,0
-0.009059896,0
-0.015152316,0
-0.009352386,1
0.012265144,0
-0.023491549,0
-0.01748082,0
-0.009784315,0
-0.022272468,0
-0.040860498,0
-0.022386011,1
0.011357154,0
-0.018397827,1
0.042170965,1
0.009153299,1
0.00233692,1
0.005862225,0
-0.031900081,0
-0.029420124,1
0.018998181,0
-0.017703508,1
0.027251048,1
0.02212691,0
-0.027270962,1
0.034753626,1
0.010158118,1
0.013551891,0
-0.001253502,0
-0.031311267,0
-0.033602059,1
0.036295128,1
0.007136696,0
-0.015398049,0
-0.028438161,1
0.022389566,1
0.011683607,1
0.018600073,1
0.013603685,0
-0.017390733,1
0.011584336,0
-0.00558941,0
-0.056682215,0
-0.010260026,1
0.020643713,1
0.034885344,0
-0.006964469,0
-0.005654802,0
-0.022568525,0
-0.039697031,1
0.022488469,1
0.017874461,1
0.018294815,0
-0.0081633,1
0.034124937,1
0.000543983,1
0.009794737,0
-0.002973701,1
0.017380323,0
-0.019369906,1
0.0204187,0
-0.012649137,1
0.004554171,1
0.018808777,1
0.012873006,0
-0.02004481,1
0.010536593,1
0.034291465,1
0.000381445,0
-0.024729978,0
-0.027942233,1
0.016104672,1
0.018781808,0
-0.006279983,1
0.006295732,1
0.0117356,0
-0.036695091,1
0.008624197,1
0.019480519,0
-0.009550184,1
0.00481714,0
-0.016616182,0
-0.016799929,0
-0.000394695,0
-0.01864846,0
-0.004140891,0
-0.022095216,0
-0.002685511,1
0.029240422,1
0.002213744,1
0.043315289,0
-0.001908642,0
-0.000241045,1
0.010287074,1
0.001105737,1
0.002018324,0
-0.021141783,1
0.01688338,0
-0.014914077,0
-0.008686017,0
-0.011348339,1
0.003243056,1
0.003216122,0
-0.011732778,1
0.029825362,1
0.001949569,1
0.008265526,1
0.009035088,1
7.90308E-05,0
-0.012477972,1
0.010707084,0
-0.004291302,1
0.015473919,1
0.000187932,1
0.002943709,0
-0.002536962,1
0.002261682,1
0.008885766,1
0.000309578,1
0.002336593,0
-0.004947897,1
0.003552894,1
0.011107933,1
0.004938687,1
0.000669456,1
0.000471347,0
-0.001041033,1
0.008694462,0
-0.005738805,0
-0.001615533,0
-0.002506989,0
-0.000472194,1
0.008899726,1
0.001102652,1
0.014605368,0
-0.000423823,1
0.002023313,1
0.002160276,1
0.001474118,0
-0.006886349,1
0.006800036,0
-0.000939509,0
-0.005383191,1
0.011025662,1
0.002348974,1
0.000719937,0
-0.00334016,1
0.004272056,1
0.001672216,1
0.001354577,1
0.003356269,0
-0.004736988,1
0.006158104,0
-0.003245784,0
-0.003869658,0
-0.015370182,1
0.006900607,1
0.00981791,1
0.003631279,1
0.000160482,1
0.018138853,0
-0.001203473,1
0.005967238,1
0.00111935,1
0.003973878,0
-0.003000532,0
-0.001871194,0
-0.007206552,1
0.00310889,1
0.013885807,0
-0.002816782,0
-0.004941523,0
-0.001607923,1
0.003698478,1
0.007405199,0
-0.003939672,0
-0.01015347,0
-0.000629039,0
-0.011358434,0
-0.017081464,1
0.007448899,1
0.013779398,0
-0.012475046,0
-0.000503554,1
0.015486613,0
-0.004055278,0
-0.005934418,1
0.001169276,0
-0.008407507,1
0.003679752,1
0.013644613,1
0.006680137,1
0.00241432,0
-0.003883537,1
0.005658447,0
-0.002496763,0
-0.007658792,0
-0.016147229,1
0.000350595,0
-0.004278684,0
-0.006702256,1
0.002517385,0
-0.003387359,0
-0.011112835,0
-0.005745881,0
-0.00440383,0
-0.015051329,0
-0.007387766,1
0.016035886,1
0.000486326,1
0.001693718,1
0.00137998,0
-0.002165551,1
0.011078903,0
-0.014334819,0
-0.002276673,0
-0.024642647,1
0.000109543,1
0.005726893,1
0.023049397,0
-0.000106453,1
0.00811413,0
-0.012620129,1
0.011650738,0
-0.007023214,1
0.010814675,1
0.010337823,1
0.001444699,1
0.009815732,0
-0.001686328,0
-0.022261727,1
0.007174597,0
-0.015954817,1
0.004772707,1
0.008984917,0
-0.002109847,1
0.024920243,1
0.002459329,1
0.006232104,0
0,0
-0.004686977,0
-0.009432721,0
-0.001638763,0
-0.008125933,0
-1.4909E-05,0
-0.004987141,1
0.016497348,0
-0.002314303,1
0.007409651,1
0.006680502,1
0.002717114,0
-0.010061678,0
-0.008909046,0
-0.009040962,0
-0.000313829,1
0.016540971,1
0.019080602,0
-0.000483416,0
-0.004316754,0
-0.003030479,0
-0.007373795,1
0.019040293,1
0.002329276,1
0.005106761,1
0.00062083,1
0.00041363,1
0.00218848,0
-0.001251894,0
-0.000128195,1
0.001139658,1
0.007100524,1
0.001872117,0
-2.11542E-05,0
-0.003497564,1
0.000226441,0
-0.008072218,1
0.006454696,0
-0.00048897,0
-0.000808258,1
0.000844391,0
-0.007805798,1
0.005073313,0
0,0
-0.001165949,0
-0.001067661,1
0.020435501,1
0.00404994,0
-0.006147769,1
0.003134884,1
0.002092692,1
0.016309796,1
0.003958931,0
-0.003124638,0
-0.001279779,1
0.001185484,0
-0.000540707,0
-7.53291E-05,0
-0.002232647,0
-0.010501822,0
-0.005736721,1
0.009648927,0
-0.004477767,1
0.002651544,1
0.00087228,1
0.003624416,1
0.007174412,0
-0.000321609,0
-0.003456702,0
-0.009890925,0
-0.006188084,1
0.000195454,0
-0.002966137,1
0.008077895,1
0.010269906,1
0.004117065,0
-0.002443682,0
-0.016571287,1
0.000439579,0
-0.014443933,0
-0.003085393,1
0.002995563,0
-0.000728961,0
0,0
0,1
0.000155814,1
0.010926524,0
-0.009379444,1
0.002163768,1
0.007853181,0
-0.023705011,0
-0.012204829,1
0.001698717,1
0.000130449,0
-0.003985421,0
-0.013852008,0
-0.00159352,1
0.004839913,1
0.019862047,0
-0.001701649,1
0.004694734,0
0,1
0.013026319,0
-0.002029592,0
-0.005226518,1
0.007855948,1
0.004269716,1
0.000162435,0
-0.00474516,0
-0.001709875,1
0.001584876,1
0.003306653,1
0.002920916,1
0.000338488,1
0.006548941,1
0.000448229,0
-0.006321405,0
-0.004135405,1
0.01187057,1
0.011486619,0
-0.007589215,1
0.005488191,0
-0.009378745,0
-0.002440303,0
0,0
-0.004787406,0
-0.001225499,0
-0.011043023,1
0.016942022,0
0,1
0.025403347,0
-0.002085584,1
0.004865113,0
-0.003123146,0
-0.003242378,1
0.002655869,1
0.007597432,0
-4.75505E-05,0
-0.000930675,1
0.00112873,1
0.000196965,1
0.005642965,1
0.003403244,0
0,1
0.004428054,1
0.001507477,1
6.68981E-06,1
0.005445472,0
-0.001849683,1
0.005106054,0
-0.003899618,0
-0.002563317,1
0.010052666,0
-0.01153869,1
0.010416458,1
0.0005492,0
-0.001805412,1
0.005657915,0
-0.000606089,1
0.001595243,1
0.000592327,1
0.00069064,0
-0.001045104,1
0.00733654,0
-0.012404144,0
-0.006303118,1
0.008772514,0
-0.01830958,1
0.006109487,1
0.012725961,0
-0.000864122,1
0.002323923,1
0.004610723,1
0.009565959,1
0.001084563,1
0.00181646,1
0.004481111,1
0.003249139,0
-0.002403259,1
0.001314027,1
0.005603016,0
-0.001618444,0
-0.005510348,0
-0.002422524,1
0.006697495,0
-0.00828249,1
0.007174279,0
-0.003339992,1
0.00778506,0
-0.000588322,1
0.004056691,0
-0.004473646,1
0.005172292,0
-0.010546091,1
0.004048427,0
-0.004294927,1
0.006302792,1
0.003544307,1
0.012189136,1
0.003552241,0
-0.002836755,0
-0.022966296,1
0.014307248,0
-0.014327721,0
-0.006700988,1
0.008847893,1
0.00466163,1
0.0104192,1
6.334E-06,1
0.004034735,0
-0.001842085,1
0.007186015,1
0.002484924,0
-0.009307886,1
0.009407974,1
0.010534618,1
0.001907806,1
0.005230294,1
0.004139093,0
-0.003687167,1
0.004321712,1
4.28475E-05,1
0.010142186,1
0.005114098,0
-0.005009706,1
0.009482148,1
0.000102033,1
0.001722389,0
-0.008273623,0
-0.002923853,0
-0.000551345,1
0.006340931,0
-0.007047938,1
0.003670315,0
-0.014307215,1
0.005935955,0
-0.005510784,0
-0.013779745,1
0.008490273,1
0.012831575,0
-0.000346846,0
-0.010153335,0
-0.008369565,1
0.014784313,0
-0.005885013,1
0.007567328,1
0.007791146,0
-0.013851472,0
-0.025010283,1
0.002669706,0
-0.012144961,1
0.009497232,1
0.009590499,1
0.006199868,0
-0.004289611,1
0.00540379,0
-0.000544905,1
0.000823999,1
0.010201744,1
0.005251579,1
0.007229679,1
0.000181563,1
0.013554235,1
0.00308653,1
0.001374845,0
-0.003708767,1
0.002774033,1
0.005032988,1
0.001610068,1
0.002032989,0
-0.001851928,0
-0.003811178,1
0.002556437,1
0.00082828,0
-0.003735997,1
0.000373814,0
-0.000136421,1
0.012540561,1
0.00164043,0
-0.001479818,0
-0.005723022,0
-0.003805888,1
0.003885482,0
-0.003569998,0
-0.001152877,1
0.002776019,0
-0.005176607,0
-0.014281561,0
-0.003304601,0
-0.005900364,1
0.003821246,0
-0.005779647,1
0.00861943,1
0.003946987,0
-0.004039675,0
-0.015874166,1
0.002747657,1
0.001963351,0
-0.003174274,1
0.004164192,1
0.008116992,1
0.001209863,1
5.4378E-05,1
0.009992931,1
0.007345772,1
0.003052275,0
-0.003380438,1
0.002714712,1
0.005693162,1
0.004217719,1
0.012177667,0
-0.001842923,0
-0.007216926,0
-0.004719547,0
-0.002597189,0
-0.002739452,1
0.003485411,0
-0.004073775,0
-0.00602926,1
0.007998573,0
-0.000666667,0
-0.008979438,1
0.007053245,0
-0.008506359,0
-0.012332053,1
0.000573862,1
0.021830476,1
0.006286335,1
0.004074683,0
-0.007063749,1
0.013827544,1
0.006743962,1
0.00654877,1
9.17168E-05,1
0.005737508,0
-0.004724535,1
0.003258168,1
0.004394802,1
0.001329719,1
0.005584214,0
-0.004875984,0
-0.00383937,1
0.002903435,1
0.003570537,0
-0.002805541,1
0.004265529,0
-0.013182791,1
0.013427582,1
0.000722915,0
-0.00237035,1
0.008095311,1
0.004837262,1
0.004222001,0
-0.003698184,0
-0.002042947,0
-0.003635611,1
0.008128575,1
0.004961439,0
-0.001263326,1
0.000149794,1
0.002485092,0
-0.000785733,0
-0.002719001,0
-0.003192848,0
-0.001303512,0
-0.004339556,1
0.011237906,1
0.001817084,0
-0.003179659,0
-0.011316861,0
-0.003770578,0
-0.00010138,1
0.006319987,0
-0.003100966,1
0.016647951,0
-0.000579902,1
0.004813218,1
0.005323625,1
0.002915771,1
0.004745489,0
-0.000336587,0
-0.000179211,1
0.003959654,0
-0.00886191,0
-0.000332973,0
-0.002511781,1
0.006081773,0
-0.000212201,1
0.000348301,1
0.002306692,0
-0.012576193,1
0.010817942,1
0.005166188,0
-0.001347126,0
-0.00389514,1
0.002773699,1
0.0005749,0
-0.008889563,0
-0.020875491,0
-0.004876305,1
0.006140686,0
-0.010209205,1
0.01126705,0
-0.006465313,0
-0.022831947,1
0.007641125,0
-0.002028259,1
0.012439771,1
0.013301906,1
0.001569265,1
0.011062094,0
-0.000269268,1
0.005810055,1
0.00480919,1
0.001158471,0
-0.000532389,0
-0.001918708,1
0.006186521,0
-0.001347687,1
2.16788E-05,1
0.00494808,1
0.002782736,0
-0.007378526,1
0.015267672,0
-5.33644E-05,1
0.001718424,1
0.000538084,0
-0.000463249,0
-0.005082118,1
0.0003052,0
-0.011701103,0
-0.002821799,1
0.009613661,1
0.007219595,0
-0.00613166,1
0.00604051,0
-0.002996779,0
-0.004800686,1
0.004403911,0
-0.007000354,0
-0.001900073,1
0.004640246,1
0.007924118,1
0.00703932,1
0.002853324,0
-0.001126448,0
-0.01253726,0
-0.010750151,1
0.003750596,1
0.010918162,0
-0.020884744,0
-0.009486765,1
0.008217262,1
0.00675731,1
0.010488448,1
0.001363898,1
0.003775103,1
0.004092121,0
-0.002213296,1
0.001716976,0
-0.008096412,1
0.00323602,1
0.004760809,1
0.00299202,0
-0.000143316,0
-0.001348424,1
0.001871206,0
-0.008988359,1
0.005616474,0
-0.001373648,1
0.001519489,1
0.009672714,1
0.000421796,0
-0.004701046,0
-0.009361779,1
0.00374696,1
0.003844802,0
-0.006498398,1
0.00811606,1
0.002362251,1
0.004248371,1
0.005987803,0
-0.001114069,1
0.00536711,1
0.001843721,1
0.000727813,0
-0.000379227,1
0.001891656,1
0.006525302,1
0.004627769,1
0.000938731,0
-0.000245994,0
-0.003537029,0
-0.007088878,1
0.003134536,1
0.000836708,1
0.002172589,1
0.007718886,1
0.001277479,1
0.001730051,0
-0.000132459,0
-0.006435308,1
0.004897486,0
-0.001178854,1
0.001910874,0
-0.000372267,1
0.006677788,1
0.000658788,1
0.005479535,0
-0.003923564,0
-0.00704877,1
0.00464427,0
-0.004131121,1
0.001470977,1
0.004843538,0
-0.001932123,1
0.004201127,0
-0.011834051,1
0.010264948,0
-0.002320268,1
0.005016138,1
0.001754448,1
0.000488171,0
-0.004849143,1
0.00028812,0
-0.004527745,1
6.09153E-05,0
-0.019999289,0
-0.002859111,1
0.00718905,0
-0.009685455,1
1.56233E-05,0
-0.005556597,1
0.011531392,1
0.002759385,0
-0.001636619,1
0.006707175,1
0.004345771,0
-6.13754E-05,1
0.008531707,1
0.005000659,1
0.002477796,1
0.002949897,0
-0.001992602,1
0.004787769,1
0.001051093,1
4.99995E-05,0
-0.001689899,1
0.003320412,0
-0.000544083,0
-0.000779112,0
-0.001534448,1
0.005035917,0
-0.003073153,0
-0.00654496,1
0.003646074,1
0.0008819,0
-0.005962602,0
-0.000710134,1
0.007484389,1
0.001295661,1
0.00489116,0
-0.000477289,0
-0.008013331,0
-0.005776492,1
0.007832477,0
-0.016168743,1
0.008575832,0
-0.002546839,0
-0.002785924,0
-0.013248559,1
5.13832E-06,1
0.01116552,0
-0.00156512,0
-0.015126068,1
0.01746163,0
-0.020661388,0
-0.011451035,0
-0.016467922,1
0.001578886,0
-0.008100336,1
0.000144967,1
0.012884107,1
0.009142657,1
0.019574477,0
-0.007299308,1
0.012303397,1
0.007053444,0
-0.001501593,1
0.011939051,0
-0.001385356,1
0.006230137,1
0.011731381,0
-0.000118927,0
-0.002829801,1
0.005700512,1
0.003775506,1
0.000349545,1
0.003120202,1
0.000696673,0
-0.00070109,1
0.000529866,1
0.000240275,1
0.000735359,1
0.005133933,0
-0.001501121,1
0.001967082,1
0.005236877,1
0.002864066,0
-0.001150086,1
0.002805958,0
-0.002542418,0
-0.006829306,1
0.006384409,1
0.003764729,0
-0.001161821,1
0.001665122,0
-0.007256537,0
-0.000237828,0
-0.016350943,1
0.004535718,0
-0.016213587,0
-0.006342611,0
-0.008489016,1
0.020352403,1
0.024015222,1
0.004570087,1
0.003810398,1
0.001746418,0
-0.000139278,1
0.003309509,1
0.000861751,0
-0.004888619,0
-0.010310765,0
-0.000339987,0
-0.018278107,0
-0.008893486,1
0.011629823,1
0.017888346,0
-0.008403891,0
-0.008093662,0
-0.002578565,0
-0.005813063,0
-0.009247888,1
0.0134242,1
0.00154995,1
0.004731651,1
0.015269768,0
-0.005491603,1
0.002568451,0
-0.013387844,0
-0.013495602,1
0.009534703,0
-0.01299196,1
0.012962471,1
0.014439469,0
-0.004156037,1
0.010291402,0
-0.003418149,0
-0.004247204,1
0.010675513,0
-2.90053E-05,1
0.00964453,1
0.004074734,1
0.001597528,0
-0.000314235,0
-0.001062067,1
0.006126487,0
-0.000303274,1
0.002758738,0
-0.000765784,0
-0.001475973,0
-0.002956309,1
0.00612497,0
-0.004538606,0
-0.004388504,1
0.001196075,0
-0.014173933,1
0.003944459,0
-0.016961379,0
-0.001917658,1
0.012601459,0
-0.006074687,1
0.013533652,0
-0.003320216,1
0.012158436,0
-0.004872589,1
0.009012717,0
-0.001745648,0
-0.006139459,0
-0.014558929,0
-0.002377429,1
0.002368504,1
0.01223666,0
-0.008795728,0
-0.003965395,1
0.003529657,1
0.006608739,0
-0.002061885,1
0.002682618,1
0.004457467,1
0.005202804,0
-0.00458122,1
0.001629684,1
0.005148294,0
-0.000778495,0
-0.011311218,1
0.009235145,0
-0.00148067,1
0.005087518,1
0.00235773,1
0.002252796,0
-0.004141305,1
0.00276919,0
-0.003740377,0
-0.010128865,1
0.010922988,1
0.002940772,0
-0.01183737,0
-0.004455697,1
0.003773766,1
0.013457854,0
-0.005089552,0
-0.002949656,0
-0.00030489,1
0.010779231,1
0.000768469,1
0.003047962,0
-0.000643434,0
-0.000930525,1
0.002337888,0
-0.002233882,0
-0.01028193,1
0.009162627,0
-0.001266788,0
-0.0063184,1
0.002059419,0
-0.001008652,1
0.002118885,0
-0.008623177,0
-0.001436178,0
-0.006474487,1
0.000418414,1
0.012042401,1
0.001738552,0
-0.0069943,0
-0.004622489,1
0.005689805,1
0.001979688,1
0.009902687,0
-0.005303502,1
0.006094816,1
0.000635938,0
-0.007353357,0
-0.002973565,0
-0.000390047,0
-0.020866147,1
0.002658385,1
0.00693613,0
-0.000308074,0
-0.003861748,1
0.006080937,0
-0.016652733,1
0.0022622,1
0.012338457,1
0.011066059,1
0.004453229,0
-0.000734963,1
0.008014615,1
0.001106252,1
0.00077117,0
-0.004261657,0
-0.002387682,0
-0.00567604,0
-0.010703328,0
-0.00577501,1
0.012386102,1
0.007318763,1
2.84553E-05,0
-0.002271617,0
-0.002756864,0
-0.002249719,1
0.00311467,0
-0.007752972,0
-0.002874887,1
0.012808233,0
-0.009557167,1
0.000950064,0
-0.001275137,1
0.003911894,1
0.005211471,0
-0.002625521,0
-0.008254964,0
-0.02110011,0
-0.031850982,0
-0.039413666,0
-0.013522008,1
0.039033845,1
0.024297736,1
0.000608756,0
-0.0083917,0
-0.029576408,1
0.01829297,1
0.001164784,0
-0.015329578,1
0.02508302,0
-0.013897563,1
0.005277955,1
0.004487038,0
-0.004089646,1
0.012831344,1
0.008705367,0
-0.002561006,0
-0.016164205,1
0.004565814,0
-0.012318439,0
-0.002048653,0
-0.003362974,0
-0.000465781,0
-0.025666118,1
0.001232882,1
0.019075522,1
0.001973927,1
0.014315269,1
0.018289808,0
-0.003588234,1
0.008035678,1
0.008818386,1
0.000725131,1
0.001275504,0
-0.006825414,0
-0.004716298,1
0.014852776,1
0.004570474,1
0.000270522,0
-0.001421083,0
-0.005825377,1
0.016627537,1
0.011030397,0
-0.001913115,0
-0.0025541,1
0.011839933,0
-0.000449685,0
-0.00480997,1
0.011873846,1
0.002728072,0
-0.003545377,0
-0.001132088,0
-0.000347631,0
-0.00982279,1
0.001510647,0
-0.0032281,0
-0.013990361,0
-0.011207398,1
0.014903314,0
-0.001339379,1
0.016162385,0
-0.001123067,1
0.003810229,0
-0.00123494,1
0.00122209,0
-0.00012924,1
0.000593622,0
-0.004640904,1
0.010680587,0
-0.010995753,0
-0.014373578,1
0.020525756,0
-0.006989563,0
-0.006489911,0
-0.00773894,1
0.002251394,0
-0.019422774,1
0.004755587,1
0.010618515,1
0.014514953,0
-0.015040496,0
-0.017797237,1
0.007778415,1
0.008816763,1
0.012418035,0
-0.001598613,0
-0.002178565,1
0.010629711,0
-0.007217229,0
-0.009411833,0
-0.015303776,1
0.002012262,0
-0.013115421,0
-0.023700421,0
-0.010838407,1
0.000853265,1
0.007802794,0
-0.02496544,1
0.016695939,0
-0.021599093,1
0.000531822,0
-0.011693855,1
0.00519542,1
0.020283683,0
-0.015637946,1
0.014144309,0
-0.010863456,1
0.005528559,1
0.024760215,0
-0.000443244,0
-0.018743103,1
0.004992039,1
0.001526773,0
-0.018481297,0
-0.014153879,0
-0.000663631,0
-0.000188963,0
-0.012301146,1
0.019518009,1
0.016516694,1
0.016480444,0
-0.004665719,0
-2.60711E-05,1
0.014454213,0
-0.012454382,1
0.004439772,1
0.011348326,0
-0.001870164,0
-0.008120941,1
0.023868794,1
0.004094321,1
0.003498704,1
0.00330591,1
0.000885004,0
-0.011240109,1
0.005052393,1
0.000155837,1
0.016395503,0
-0.001261009,0
-0.001836961,1
0.005600393,1
0.006595239,1
0.004405589,1
0.000985568,0
-0.000877364,0
-0.006385989,0
-0.000378061,1
0.000545203,1
0.008816671,1
0.004350344,0
-0.002039778,1
0.006330896,0
-0.003208252,0
-0.01014457,1
0.010507684,0
-0.011975845,1
0.002786607,0
-0.002739793,1
0.009662143,1
0.010040161,1
0.000172876,0
-0.000984261,1
0.006540974,1
0.003084504,1
0.000761615,0
-0.005194064,1
4.7813E-05,0
-0.001812027,1
0.001872794,1
0.001649376,0
-0.009230843,0
-0.005063084,1
0.007810003,0
-0.008676727,0
-0.00593689,0
-0.000238894,1
0.003174634,1
0.000753473,1
0.012483667,0
-0.00956155,0
-0.000169536,0
-0.00847823,1
0.009796688,0
-0.009411321,1
0.000205157,0
-0.003706724,1
0.00601949,0
-0.002085445,1
0.013681373,1
0.00697475,0
-0.000210472,1
0.004286876,0
-0.001000448,1
0.001130208,1
0.002824711,0
-0.002911754,1
0.004897267,1
0.00128946,1
0.003309455,0
-0.001717694,0
-0.009175223,0
-0.008115187,0
-0.00179889,0
-0.00184068,1
0.003132995,0
-0.003257956,1
0.005808171,1
0.002712108,0
-0.001651587,1
0.013364022,0
-0.035919785,0
-0.018096505,1
0.017770202,1
0.017032646,1
0.013565002,1
0.001948677,0
-0.006847524,1
0.005352996,0
-0.000871541,1
0.015253349,1
0.003408611,1
0.007009302,1
0.00013475,1
0.005259172,0
-0.000928943,1
0.00238234,0
-0.001435237,1
0.004270305,0
-0.003612484,1
0.004553915,0
-0.003011453,1
0.000322807,0
-0.00119861,1
0.001606218,1
0.001631291,0
-0.001269783,0
-0.006361593,1
0.003133939,1
0.00021259,1
0.008603442,0
-0.000907063,1
0.000389749,0
-0.002864686,1
0.004734566,0
-0.000796051,1
0.002792976,0
-0.005479077,1
0.001868558,1
0.002199595,0
-0.001440316,0
-0.00056322,1
0.001951765,0
-0.005240294,0
-0.001365241,0
-0.001578848,1
0.005228119,0
-0.001953788,0
-0.002375788,0
-4.14565E-05,1
0.0042011,1
0.002981679,0
-0.000146354,0
-0.002223076,0
-0.024522074,1
0.014677062,0
-0.014830665,0
-0.000587677,1
0.010109278,0
-0.003772249,0
-1.86989E-05,1
0.000299188,1
0.010917112,1
0.006499871,0
-0.005736779,0
-0.008587835,1
0.006444248,1
0.005296468,0
-0.009321304,1
0.007967905,0
-0.003260664,0
-0.00495558,1
0.004296695,1
0.000481542,0
-0.00325347,1
0.004605941,0
-0.012446503,1
0.001146612,0
-0.003099318,1
0.000201637,0
-0.003038003,1
0.006160357,1
0.002191999,0
-0.001375747,0
-8.40595E-05,1
0.004749762,0
-0.003797651,0
-0.001740421,0
-0.002986777,0
-0.00310824,0
-0.000122272,0
-0.006786915,0
-0.006525486,0
-0.004423387,0
-0.00166614,1
0.022223501,1
0.003771956,1
0.011077044,1
0.00195076,0
-0.001397937,0
-0.000115503,1
0.007480824,0
-0.001582286,1
0.004676289,0
-0.0023867,1
0.007461387,1
0.002165428,1
0.000808011,1
0.003914329,0
-0.005254479,1
0.00133532,0
-0.00265347,0
-0.003515538,1
0.000397064,1
0.005821301,1
0.003410879,1
0.013163188,1
0.002159413,1
0.005938946,0
-0.001137405,1
0.00653977,0
-0.008117198,1
0.003883228,0
-0.00175064,1
0.001975138,1
0.003637521,0
-0.002457327,0
-0.001862987,1
0.001251681,1
0.002248442,0
-0.008356546,0
-0.000293344,0
-0.004637081,1
0.008486576,1
0.005722309,0
-0.00077067,1
0.003516968,0
-0.00354856,0
0,1
0.002829565,0
-0.002144753,1
0.001849862,0
-0.002967503,1
0.001763754,0
-0.00360933,1
0.003366185,0
-0.002690078,1
0.006564542,1
0.008026069,0
-0.000735304,0
-0.000866468,0
-0.006009526,0
-0.00089,1
0.000298394,1
0.000570288,1
0.007264835,0
-0.002115416,1
0.000226821,1
0.000693391,1
0.005752461,1
0.003566059,1
0.005245887,1
0.004007302,1
0.004992343,0
-0.000864106,1
0.001678581,1
0.006048078,0
-0.001082279,1
0.000418991,1
0.001493352,1
0.00101802,0
-0.002578331,1
0.013673825,0
-0.005859864,1
0.000503795,0
-0.003277216,0
-0.002913304,0
-0.002284252,1
0.000799837,1
0.003268679,1
0.000366686,0
-0.003379019,1
0.008374728,0
-0.001626657,0
-0.001314364,0
-0.002009881,0
-0.012407993,1
0.001889916,0
-0.001060274,0
-0.000844004,0
-0.001019633,1
0.007251483,1
0.001085403,1
0.002935035,0
-0.00225501,0
-0.001642175,1
0.000559597,0
-0.003054878,1
0.001929493,0
-0.000827151,1
0.00068774,0
-0.001433929,0
-0.00375991,0
-0.006814702,1
0.008613324,0
-0.002903351,0
-0.001716342,1
0.007557192,0
-0.003035011,1
0.010840085,1
0.006090601,0
-0.000485638,1
0.000552891,0
-0.001913118,1
0.001732237,1
0.001189115,0
-0.001271344,1
0.000582045,1
0.004088687,1
3.75111E-05,0
-0.001025265,1
0.001130618,0
-0.002162833,0
-0.001478425,1
0.004776444,0
-0.000686836,0
-0.018178259,1
0.003686843,1
0.006767496,1
0.005160115,1
0.001837913,1
0.002489139,1
0.004441875,1
0.00031055,0
-0.00120456,0
-0.000460025,1
0.007571109,1
0.003707727,0
-0.001217677,0
-0.002779032,1
0.001568334,1
0.000267145,0
-0.000829981,0
-0.000978711,1
0.004511421,0
-0.000995759,0
-0.002239614,1
0.000283663,1
0.008347204,0
-0.006696665,0
-0.000582676,0
-0.000455738,1
0.001560895,1
0.000315794,0
-0.008072749,1
0.008808042,0
-0.008600027,1
0.001533248,1
0.002310793,1
0.001453267,0
-0.009368808,1
0.006403154,1
0.000927766,0
-0.000782721,1
0.00730562,1
0.001874552,1
0.004673527,0
-5.28612E-05,1
0.00059777,1
0.005372651,0
-0.000153608,0
-0.000367907,0
-0.001063684,1
0.002923183,1
0.000282585,0
-0.000972625,0
-0.001341187,0
-0.000728126,1
0.002449095,1
0.000492661,0
-0.002183591,1
0.001889036,1
0.001647267,0
-0.002414437,0
-0.000363648,0
-0.014474418,1
0.001275526,1
0.010043747,0
-0.000498816,1
0.001420103,0
-0.015436913,0
-0.001835383,1
0.001162623,1
0.009940825,0
-0.003453605,0
-0.002074434,1
0.001672837,1
0.000487096,1
0.000842798,1
0.004615133,1
0.005721052,1
0.001982481,0
-0.007550827,1
0.003128751,0
-0.00017846,0
-0.001488783,1
0.010839228,1
0.003363999,1
0.000757066,0
-0.001100718,1
0.001847236,1
0.001455866,1
0.001110281,1
0.000634313,0
-0.003045961,1
0.000647845,0
-0.002222027,1
7.20963E-05,1
0.004085164,1
0.001204608,1
0.003705091,1
0.003874,1
0.002158854,1
0.001246755,1
0.005646757,0
-0.001073638,0
-0.001804396,1
0.002322447,1
0.001803469,0
-0.00168673,1
0.000878111,1
0.001750765,1
0.000672495,1
0.000742373,1
0.000327964,1
0.005116896,0
-0.003972492,1
0.001617946,0
-0.004663057,1
0.001270946,1
0.008072957,0
-0.003192474,1
0.000944485,1
0.001592072,1
0.00018997,1
0.003097079,1
0.001271331,0
-0.000189107,1
0.001443659,0
-0.003761978,0
-0.000897617,1
0.000983619,0
-0.002309621,0
-0.005525676,1
0.008196146,0
-0.002626042,1
0.001275762,1
0.006541086,0
-0.00075028,1
0.002056155,0
-0.000384258,1
0.009848467,0
-0.000369237,1
0.008190947,0
-0.00202449,0
-0.001052146,0
-0.00373943,0
-0.000114087,1
0.002932373,1
0.005506299,1
0.003201961,1
0.001548878,0
-0.000472953,0
-0.004070826,1
0.008974325,1
0.005362862,0
-0.003230291,0
-0.000827904,1
0.00198563,0
-0.000458174,0
-0.001058382,1
0.000790897,1
0.001834028,0
-0.005183179,1
0.00830338,1
0.006398819,1
0.004028661,1
0.0070338,1
0.001662323,1
0.001302903,0
-0.001112206,1
0.007033618,1
0.006749628,0
-0.003524463,1
0.009415002,0
-0.001616379,1
0.004385228,1
0.008066754,1
0.002174396,0
-0.000560031,1
0.000602635,1
0.011841155,0
-0.006731944,0
-0.010898782,1
0.00048894,0
-0.000648061,0
-0.021208513,0
-0.040979244,1
0.017440939,0
-0.005001595,0
-0.037536451,1
0.014936071,1
0.013914604,1
0.002612952,1
0.01340248,1
0.012069087,1
0.000373462,0
-0.005841404,0
-0.005496528,1
0.000973594,1
0.016028344,1
0.011756998,0
-0.012706864,0
-0.011095807,0
-0.013324342,1
0.005071573,1
0.011032048,1
0.002638794,0
-0.00048385,1
0.004463107,1
0.017378796,0
-0.001273968,0
-0.006363591,0
-0.005724494,0
-0.000781966,1
0.001703472,0
-0.014204164,1
0.001481798,0
-0.001843986,0
-0.025162891,0
-0.020966906,1
0.027157241,0
-0.017276335,0
-0.002916612,1
0.013769674,0
-0.022337336,1
0.012614839,1
0.011566486,1
0.006862808,0
-0.021920205,1
0.003336571,1
0.016726875,0
-0.005525299,1
0.008250731,0
-0.002886647,1
0.008109024,1
0.010661578,1
0.000831366,0
-0.005726121,0
-0.008536536,1
5.61768E-05,0
-0.013380569,1
0.001837119,1
0.01043419,1
0.001113636,0
-0.008187542,1
0.002549046,0
-0.007205816,0
-0.002253696,1
0.012811201,1
0.00345796,0
-0.000265656,1
0.009682176,1
0.009370633,1
0.001707631,1
0.000883522,0
-0.006842165,1
0.004060558,0
-0.000855844,0
-0.002632227,1
0.007386739,0
-0.003135737,1
0.003248374,0
-0.002023203,0
-0.002357246,0
-0.011564198,1
0.012695828,0
-0.006879564,1
0.010849194,1
0.004479599,1
0.000702618,1
0.008567375,0
-0.000714196,1
0.003125936,1
0.001068718,1
0.00174335,0
-0.004026051,1
0.002471511,0
-0.001017075,0
-0.002126159,0
-0.004023434,1
0.001712161,0
-0.006345489,1
0.001861981,0
-0.013724736,1
0.002204581,0
-0.008604291,1
0.006178624,1
0.000758382,1
0.003068015,0
-0.004947354,1
0.008620753,1
0.008481296,1
0.008823039,1
0.003473207,0
-0.007094179,1
0.008749036,1
0.001079231,0
-0.00102809,1
0.003973657,1
0.002160488,0
-0.003952948,0
-0.000948479,1
0.001838084,1
0.004780939,1
0.009101546,0
-0.003032251,0
-0.006562253,0
-0.005754181,1
0.00488475,0
-0.001040376,1
0.004926494,1
0.004644138,1
0.003538296,1
0.002824165,0
-0.00026238,0
-0.001441719,0
-0.007113871,0
-0.004005958,1
0.006389244,0
-0.00760222,1
0.007919471,1
0.003323136,1
0.002427959,1
0.002068567,0
-0.000398189,0
-0.001691231,1
0.006198853,1
0.007670392,1
0.000269268,1
0.005701427,0
-0.004430275,1
0.00013443,0
-0.001654305,0
-0.00280317,0
-0.003652288,0
-0.002213304,1
0.001897844,1
0.003739838,1
0.000356662,1
0.005282251,1
0.000275465,0
-0.005569746,1
0.005369011,1
0.00125331,1
0.007840575,0
-0.000368506,0
-0.003515754,0
-0.001305076,0
-0.003289248,1
0.002763277,0
-6.86342E-06,1
0.003641068,0
-0.000396637,1
0.000711493,0
-0.008169516,0
-0.005527966,0
-0.000395069,0
-0.001417958,0
-0.032864176,0
-0.020573074,1
0.014206284,0
-0.005905035,1
0.021495643,0
-0.000252676,0
-0.014391946,0
-0.00036117,0
-0.004299475,0
-0.005511851,0
-0.03086449,1
0.018625052,0
-0.017327218,0
-0.006559621,1
0.015666824,1
0.010851291,1
0.010557797,0
-0.006316665,1
0.005600317,1
0.006259335,1
0.021208877,0
-0.002508982,0
-0.00919899,0
-0.019701475,0
-0.001481905,0
-0.007567464,1
0.010593801,1
0.00222328,0
-0.016643094,0
-0.018151208,1
0.003043276,0
-0.00655489,1
0.01553241,1
0.003261703,1
0.022973935,0
-0.00219769,1
0.008185524,1
0.010941355,0
-0.032364884,0
-0.001522188,0
-0.023320165,1
0.001762195,0
-0.000356368,1
0.005419489,0
-0.000199919,0
-0.019086677,0
-0.020773476,1
8.64121E-05,0
-0.015395733,0
-0.015772091,0
-0.020588307,0
-0.027112248,1
0.049593807,1
0.008562629,0
-0.001241547,1
0.008492441,1
0.001268524,0
-0.024756676,1
0.034335693,1
0.007010435,1
0.009695296,1
0.004098026,1
0.004518445,0
-0.000146343,0
-0.005257563,1
0.010721712,1
0.002221967,1
0.007591453,1
0.013183053,0
-0.014157284,1
0.002202894,1
0.001375677,1
0.00848872,0
-0.007846861,0
-0.00145621,1
0.015549242,1
0.008597378,1
0.000898635,1
0.006776204,1
0.004708482,0
-0.002224495,0
-0.009357119,1
0.000676262,1
0.000709042,1
0.01289025,1
0.003023977,0
-0.002651624,1
0.01087871,1
0.001498775,1
0.001777132,0
-0.003526412,1
0.006411088,1
0.001231796,0
-0.000790384,0
-0.000544042,0
-0.002825547,1
0.006895338,0
-0.0038806,0
-0.001131477,0
-0.006524116,0
-0.00812571,0
-0.002131739,1
0.014666049,1
0.002953329,1
0.006949619,0
-0.000868043,1
0.004984903,1
0.003705961,0
-0.000130606,0
-0.002944323,1
0.010852516,0
-0.018974528,0
-0.000839073,1
0.007182778,0
-0.00464438,1
0.003589544,1
0.006734294,1
0.011568586,1
1.74387E-05,1
0.002148408,1
0.002084638,1
0.004636399,1
0.00104745,0
-0.006067471,1
0.003477868,1
3.80859E-05,1
0.006609378,0
-0.000629426,1
0.000509365,0
-0.002273775,1
0.001579065,1
0.001012038,1
0.008841219,0
-0.002191786,0
-0.000368947,1
0.004685305,1
0.001071472,1
0.0009514,0
-0.00750213,0
-0.002123999,1
0.009638323,0
-0.004471015,0
-0.016511678,0
-0.001605381,0
-0.003021442,1
0.003720321,0
-0.024130631,1
0.008016018,1
0.005838958,1
0.008895249,0
-0.00583732,0
-0.006749361,1
0.008495791,0
-0.002824366,0
-0.01191414,1
0.001353535,0
-0.008375618,0
-0.006911957,1
0.00209844,0
-0.013195356,0
-0.002765201,1
0.021432345,1
0.008161897,1
0.006135555,1
0.010497663,1
0.004660082,0
-0.000349877,0
-0.00203762,1
0.00409745,0
-0.001611542,1
0.00093177,1
0.009717373,1
0.002985177,1
0.009472195,0
-0.001259233,0
-0.001731933,0
-0.009496325,0
-0.001233984,1
0.003823212,1
0.005757422,1
0.007672278,1
0.002928149,1
0.007672359,0
-0.001805849,0
-0.004835457,1
0.00123658,1
0.004510627,1
0.002285279,1
0.004620139,1
0.000175859,0
-0.003403775,0
-0.006531205,1
0.003581936,0
-0.006176735,1
0.002828721,1
0.006847502,1
0.004688119,0
-0.005262356,1
0.007387629,0
-0.001616069,0
-0.002578642,0
-0.01088551,0
-0.008998852,0
-0.007282737,0
-0.029777801,1
0.013017007,1
0.00076689,1
0.018762266,0
-0.006616543,0
-0.012183715,1
0.014994329,0
-0.029292764,1
0.002464268,1
0.014426183,1
0.012105875,0
-0.007914764,1
0.008246826,0
-0.000506082,0
-0.02594639,1
0.010983067,0
-0.003203191,1
0.00654547,1
0.012687244,1
0.000642827,0
-0.00689912,1
0.010842076,1
0.013009824,1
0.000910618,0
-9.40004E-05,1
0.000322317,1
0.007229668,1
0.002879107,0
-0.000724356,0
-0.003135609,1
0.002581756,1
0.000342682,1
1.99552E-05,0
-0.004895586,0
-9.69229E-05,0
-0.008416394,1
0.006158565,0
-0.002428917,0
-0.005316326,1
0.005047623,0
-0.012258377,0
-0.01790324,1
0.007971991,1
0.014216853,0
-0.004478305,0
-0.015560826,1
0.009104547,1
0.006415702,1
0.010938931,0
-0.001387079,1
0.009955666,0
-0.001999546,1
0.002762828,0
-0.003919345,1
0.006871609,0
-0.003568673,1
0.002847139,1
0.00192044,1
0.004072697,1
0.00558138,0
-0.000832396,1
0.003253328,0
-0.003022873,1
0.009662361,1
0.003704054,0
-0.001185731,1
0.000702526,1
0.002730127,1
0.002560629,0
-0.001962445,1
0.001564621,1
0.00071155,1
0.000837093,1
0.007695462,1
0.000503131,0
-0.000592563,0
-0.003756194,0
-0.001582777,1
0.002174936,1
0.007507339,1
0.00219553,1
0.004174468,0
-0.004011251,0
-0.008631064,0
-0.006638042,1
0.006323548,1
0.001500276,1
0.00913573,0
-0.003162837,0
-0.001096953,1
0.002908202,1
0.008575166,1
7.25879E-05,1
0.007147816,1
0.000335271,0
-0.00043226,1
0.004459221,1
0.004944827,1
0.000866131,0
-0.000195409,1
0.005128157,1
3.39516E-05,0
-0.005780829,1
0.002946025,1
0.008378782,0
-0.007059871,1
0.003533394,0
-0.002803209,1
0.004902415,1
0.006655293,0
-0.002855223,1
0.006976281,0
-0.001514539,1
0.001870155,1
0.008366547,1
0.003862145,0
-0.002651954,1
0.000289088,1
0.001140965,0
-0.009042141,0
-0.015730685,1
0.010053551,0
-0.000866847,1
0.003134356,0
-0.017705853,1
0.007254644,1
0.014980363,1
0.011250641,1
0.003325646,0
-0.005400833,1
0.00732636,1
0.001688499,1
0.006462661,0
-0.001630443,1
0.001843542,0
-0.00291998,1
0.004705827,0
-0.003815543,0
-0.010518109,0
-0.033513594,0
-0.030280016,0
-0.003778519,0
-0.044163279,0
-0.008238327,1
0.046039225,0
-0.02810794,1
0.042202592,0
-0.033922022,0
-0.01705391,0
-0.075969681,1
0.049396336,0
-0.048868411,0
-0.09511268,1
0.092871195,0
-0.119840503,1
0.059954822,0
-0.051830823,1
0.004707894,0
-0.043359523,0
-0.029293858,1
0.093827657,1
0.01153502,1
0.062414161,0
-0.033687316,1
0.033516036,0
-0.016012792,0
-0.044142398,1
0.022829387,0
-0.015137125,1
0.070331304,0
-0.001603045,1
0.034056426,1
0.014487378,0
-0.010104595,1
0.030572524,0
-0.022030456,1
0.005816711,1
0.026793592,0
-0.017880997,0
-0.030674847,1
0.022930248,0
-0.000539419,1
0.013918078,1
0.014714073,0
-0.00524235,1
0.026583874,0
-0.00921242,0
-0.028059043,1
0.004249817,1
0.009040574,0
-0.006979403,1
0.011504624,1
0.016871501,1
0.000177487,0
-0.020543831,0
-0.017462684,1
0.011524823,1
0.00392638,1
0.031501205,0
-0.010484409,1
0.016651043,0
-0.007773564,1
0.002353731,1
0.012289161,1
0.014827343,0
-0.002107947,1
0.00481231,1
0.003751261,1
0.008210804,1
0.013648964,0
-0.003368696,1
0.026211705,1
0.012041591,0
-0.007799183,0
-0.005313079,0
-0.058944122,1
0.013060857,1
0.008312208,1
0.018962431,0
-0.0036003,1
0.000594189,0
-0.005649464,1
0.006495058,1
0.004307442,0
-0.025855159,1
0.01095947,0
-0.024226918,1
0.014685698,1
0.01540986,1
0.005022111,1
0.004541282,1
0.015881738,0
-0.010818563,1
0.007827502,0
-0.00564364,1
0.010466205,0
-0.00936252,1
0.013406355,1
0.009082039,0
-0.003406104,1
0.00284864,1
0.008406905,1
0.001679049,1
0.005747091,0
-0.012319827,0
-0.006190391,1
0.007395129,0
-0.006473401,1
0.012428381,0
-0.003750261,1
0.00767046,1
0.007181027,1
0.00361196,1
0.00642974,1
0.006427728,1
0.000632995,1
0.002742236,0
-0.007969123,1
0.013996502,0
-0.002047125,0
-0.000171932,1
0.002709874,1
0.002303378,0
-0.004404416,1
0.003158659,1
0.003441136,1
0.010043684,1
0.003596326,1
0.010195666,1
0.001673024,1
0.006732577,0
-0.002194977,1
0.007525048,1
0.015365857,0
-0.035125836,0
-0.008132999,0
-0.027756379,1
0.020145025,0
-0.017584791,1
0.000533063,1
0.012741809,1
0.005219386,0
-0.004618958,0
-0.008412372,0
-0.01118257,0
-0.011571124,1
0.010517942,0
-0.023721411,1
0.002987408,1
0.015976763,1
0.016110549,0
-0.004812627,1
0.008253709,1
0.005292893,0
-0.009571699,1
0.017975535,0
-0.013988025,1
0.017405793,1
0.008007136,1
0.008790686,1
0.016418713,0
-0.006306908,0
-0.006623139,0
-0.001527803,1
0.000134928,0
-0.016329823,1
0.004727277,0
-0.002195683,1
0.005218945,1
0.00344579,0
-0.018589538,0
-0.003025607,0
-0.035287907,1
0.011947307,0
-0.012129506,1
0.012318193,1
0.017799314,1
0.022047038,1
0.019460191,0
-0.000287712,1
0.011699872,0
-0.001399803,1
0.007651888,0
-0.009978559,1
0.013610366,1
0.011648048,0
-0.004791958,0
-0.011563832,1
0.003946421,0
-0.006792541,1
0.005635917,1
0.016161718,0
-0.001584416,1
0.002396925,0
-0.00459549,1
0.011271168,1
0.001791151,0
-0.000624147,1
0.008836235,0
-0.001935595,1
0.002787137,0
-0.00794922,0
-0.001285116,0
-0.00126496,0
-0.004359267,1
0.012921214,1
0.001772848,1
0.005757639,0
-0.0035111,0
-0.003906282,0
-0.002073117,1
0.000745811,1
0.003536576,1
0.008722516,0
-0.002227362,1
0.001341547,1
0.006438838,0
-0.014754784,1
0.00708254,1
0.005709901,1
0.014847364,1
0.005491891,0
-0.006554797,1
0.000415832,1
0.002275603,0
-0.003753438,0
-0.007190018,1
0.008136403,1
0.013935576,1
0.000316731,0
-0.003010586,1
0.003615803,0
-0.001488836,0
-0.025677859,1
0.009760662,0
-0.019311503,1
0.016051736,1
0.013898237,1
0.001008805,1
0.010853304,1
0.003897472,1
0.007399346,0
-0.001113498,0
-0.00034516,1
0.001662455,1
0.004710983,0
-0.000569275,0
-0.0003204,0
-0.004415808,0
-0.001854894,0
-0.007732849,1
0.001256288,1
0.011351662,0
-0.024478847,0
-0.004750166,1
0.023790719,0
-0.008080844,0
-0.013066204,0
-0.013417214,1
0.019495976,0
-0.005359272,1
0.014154684,1
0.006030283,1
0.01039548,1
0.001015399,1
0.006491959,0
-0.001569689,1
0.002879343,0
-0.0147605,0
-0.000602739,1
0.007025121,0
-0.007630837,0
-0.005467304,1
0.005240233,1
0.016631198,0
-0.000868025,0
-0.003157823,1
0.003622539,1
0.011825145,1
0.014438278,0
-0.000973538,1
0.00147523,1
0.00422064,1
0.007719963,0
-0.000196183,1
0.003294582,0
-0.004087802,1
0.011094248,1
0.003608749,0
-0.005306453,0
-0.006802362,1
0.00930606,0
-0.009210671,1
0.010928711,1
0.001782224,0
-0.000214919,0
-0.000845531,1
0.006762798,0
-0.007194638,1
0.002748035,0
-0.006678338,1
0.000703539,1
0.008165391,1
0.007373346,0
-0.010435666,0
-0.008673895,0
-0.021449387,1
0.012173151,1
0.014917933,0
-0.002530038,0
-0.008517302,0
-0.002943435,1
0.010554756,0
-0.00078382,1
0.009911306,0
-0.002125302,1
0.001876733,1
0.001165398,1
0.000768887,0
-0.000492375,1
0.001446916,0
-0.003628699,1
0.008834087,0
-0.000796711,1
0.000175085,0
-0.001823876,1
0.004652155,1
0.00194849,1
0.001815211,0
-0.00201168,0
-0.005390207,0
-0.000435637,0
-0.013124547,1
0.014002328,1
0.005124515,0
-0.00108326,1
0.005811157,1
0.003330607,1
0.002315042,1
0.00027735,1
0.001328114,1
0.00522164,1
0.007500104,0
-0.002021901,1
0.003359011,0
-0.008561011,1
0.011277952,1
0.003451156,0
-0.00351683,1
0.00116497,0
-0.003262236,0
-0.007538939,0
-0.015869531,1
0.015162652,1
0.008241847,1
0.002016661,1
0.010145439,1
0.002382253,0
-0.00471248,0
-0.000186302,1
0.004206206,0
-0.005406017,0
-0.001842894,1
0.008203485,0
-0.004632445,1
0.00600546,1
0.001675284,0
-0.000939926,1
0.000992701,1
0.002468023,1
0.002952088,1
0.001607324,1
0.002620859,0
-0.007060725,0
-0.010748458,1
0.001256741,1
0.008141541,1
0.008523821,1
0.001495693,1
0.002220127,0
-0.005824932,1
0.008807606,1
0.004306588,0
-0.001349146,1
0.000311762,1
0.002842561,0
-0.000335027,0
-0.003395488,0
-0.001318575,0
-0.0046056,0
-0.007722644,1
0.00227651,0
-0.005746599,1
0.008473909,0
-0.001551097,0
-0.009110925,0
-0.016977255,0
-0.00081235,1
0.009519566,1
0.012134752,1
0.001461009,0
-0.002776356,0
-0.020364114,1
0.001569166,0
-0.011909732,1
0.011491478,0
-0.01298588,1
0.010524456,1
0.004102887,1
0.008298289,0
-0.001913741,0
-0.006865786,0
-0.002416772,1
0.003022537,1
0.01706311,1
0.007460131,1
0.003374805,1
0.007393357,1
0.003664017,1
0.002995906,0
-0.001072579,1
0.004748179,1
0.001819782,0
-0.005051598,1
0.009829338,1
0.001949343,1
0.001800069,1
0.003680367,1
0.006461296,1
0.004181892,1
0.003732858,1
0.000887701,0
-0.003498735,0
-0.008225815,1
0.000550927,1
0.007222639,0
-1.06773E-05,1
0.003865209,0
-0.002601629,1
0.003384755,0
-0.001398649,0
-0.003197132,1
0.001657079,1
0.002293901,0
-0.022724856,1
0.013200221,0
-0.018961306,0
-0.011815196,1
0.014194423,0
-0.008448581,1
0.011730929,1
0.020707063,1
0.003085294,0
-0.00718113,1
0.009549111,0
-0.009136209,0
-0.007470598,1
0.016348409,0
-0.008743378,0
-0.010287726,0
-0.011388033,1
0.017777943,1
0.01018018,1
0.006223704,1
0.013838956,0
-0.001010187,1
0.001401903,0
-0.002989739,0
-0.002626221,1
0.006374077,0
-0.000629618,0
-0.019392766,0
-0.000963711,0
-0.004050212,0
-0.001441085,1
0.009160031,1
0.002817696,0
-0.014243549,1
0.000819913,0
-0.018387896,0
-0.00968952,0
-0.011037425,0
-0.018914813,1
0.002771752,0
-0.012171977,0
-0.001496631,0
-0.005383995,1
0.024347569,1
0.018886018,1
0.006862951,1
0.00942255,0
-0.024391094,1
0.005156965,0
-0.003701786,1
0.008401225,1
0.014517178,0
-0.018115705,0
-0.018969468,0
-0.003840548,1
0.015766743,1
0.000881221,0
-0.021173137,0
-0.007166241,0
-0.010142865,0
-0.018412176,1
0.01495681,1
0.022372747,0
-0.002442612,0
-0.015473463,1
0.018642627,0
-0.005254711,0
-0.007934016,0
-0.029518096,0
-0.007233837,1
0.025698324,0
-0.004291845,0
-0.012961554,0
-0.007420956,1
0.021408494,1
0.02238384,1
0.012347804,1
0.01166225,0
-0.000434674,1
0.011304184,0
-0.012272781,1
0.014343931,1
0.005066192,1
0.007144964,1
0.01225653,0
-0.006293721,0
-0.015652533,1
0.003410287,1
0.008090878,0
-0.012551717,0
-0.009716869,1
0.004253372,0
-0.002650987,0
-0.016877289,0
-0.003417541,1
0.011174658,0
-0.012144137,0
-0.000204891,1
0.0160576,0
-0.000618528,0
-0.01475294,0
-0.027739971,1
0.005697859,0
-0.028146327,1
0.002098103,1
0.024746891,0
-0.036284548,1
0.005675314,1
0.004837103,1
0.029862435,0
-0.035649753,0
-0.005674159,0
-0.032037135,1
0.002457883,0
-0.016463178,0
-0.001296002,1
0.023869743,0
-0.00394643,1
0.02016961,0
-0.040395221,0
-0.005833809,1
0.000146124,1
0.018555068,0
-0.008120793,1
0.009450765,1
0.019883229,1
0.024742227,0
-0.006274289,0
-0.007482787,1
0.018431056,0
-0.016347365,1
0.003137368,1
0.009523394,0
-0.010793909,0
-0.023798706,0
-0.029110314,0
-0.038768374,0
-0.003773706,1
0.014592502,0
-0.032511959,1
0.002200847,1
0.024477256,0
-0.001301533,1
0.009532194,1
0.030563291,0
-0.002973101,0
-0.020143022,0
-0.000711753,0
-0.008759227,1
0.010553762,1
0.001584177,1
0.003573116,1
0.014964578,0
-0.000830211,0
-0.011527474,0
-0.009243909,0
-0.004456897,0
-0.002998595,1
0.019201241,0
-0.008363619,1
0.027628333,1
0.005895816,1
0.00986136,0
-0.00933245,1
0.001315115,0
-0.011543193,1
0.026156259,1
0.012133383,1
0.014207733,0
-0.002823046,0
-0.00666241,1
0.015638482,0
-0.000777345,0
-0.001625746,0
-0.001237579,0
-0.004248731,1
0.021290634,0
-0.000705423,1
0.017322397,1
0.003969487,1
0.001875666,0
-0.007237759,1
0.002269515,0
-0.012899943,0
-0.021400125,0
-0.002237801,1
0.002916151,1
0.014091582,0
-0.033688011,0
-0.006666404,0
-0.011028107,0
-0.007817047,1
0.002996207,0
-0.010736479,0
-0.00409504,1
0.018340971,1
0.006610769,1
0.015271406,1
0.010584261,0
-0.043236563,1
0.003386995,0
-0.011317761,0
-0.007182129,1
0.006857149,0
-0.011272113,0
-0.017116493,0
-0.008427596,0
-0.017232616,0
-0.010340542,0
-0.00212036,1
0.01967214,0
-0.02112642,0
-0.015066736,1
0.025883948,1
0.0305837,0
-0.002017974,0
-0.010245078,0
-0.028003589,0
-0.007492458,0
-0.00651923,0
-0.003290757,1
0.025965675,0
-0.023662706,1
0.026480086,1
0.011427562,0
-0.006672079,0
-0.007950941,1
0.023724828,1
0.011881953,1
0.01626665,0
-0.007387714,0
-0.006082598,1
0.024626376,0
-0.007454384,0
-0.004101261,0
-0.025001945,0
-0.010585979,1
0.013618682,1
0.009613982,1
0.005597877,0
-0.020777877,1
0.055434472,1
0.009240794,0
-0.008935794,1
0.008713121,0
-0.008252061,0
-0.003089328,1
0.004758575,0
-0.003883652,1
0.013579953,1
0.005914706,0
-0.000283071,0
-0.01544415,0
-0.001591851,1
0.030947815,0
-0.000867624,0
-0.001194632,0
-0.017894246,0
-0.014399176,0
-0.001862349,1
0.007521759,0
-0.007349546,1
0.014279251,1
0.007289704,0
-0.006052766,0
-0.024921658,0
-0.011137778,0
-0.009007466,1
0.001037285,1
0.01486804,0
-0.014451687,1
0.005868056,0
-0.004049604,0
-0.012020631,1
0.017461316,0
-0.002540735,0
-0.004000521,1
0.00753895,0
-0.011645562,1
0.022840787,0
-0.000767635,1
0.006978256,1
0.012849397,1
0.003415953,1
0.003996817,0
-0.002030462,0
-0.015562633,0
-0.007638348,1
0.018918399,1
0.011881358,0
-0.000711476,0
-0.00018173,1
0.011007863,1
0.00249481,0
-0.012968732,1
0.014642451,1
0.010452338,1
0.014699421,0
-0.010354662,0
-0.006140487,1
0.01287253,0
-0.011080692,0
-0.008829829,1
0.002195271,1
0.01144859,0
-0.000280377,1
0.002773124,0
-0.013788697,0
-0.002767449,0
-0.020041235,0
-0.001573546,1
0.005329425,0
-0.010537544,1
0.003073017,0
-0.00303598,0
-0.004725262,1
0.007582142,1
0.016147789,1
0.00068716,0
-0.015326967,1
0.001414821,0
-0.018459373,0
-0.014478144,0
-0.001509741,1
0.016476648,0
-0.006980856,1
0.017561981,0
-0.011019423,1
0.008918359,1
0.012982182,0
-0.016463188,1
0.002984529,1
0.005639802,1
0.001646944,0
-0.001573841,1
0.014237259,1
0.005715265,1
0.014436548,1
0.003698918,0
-0.005797052,0
-0.002492318,1
0.00357913,1
0.000996341,0
-4.13715E-05,0
-0.004134886,1
0.013262625,0
-0.002069355,1
0.003306233,1
0.00085515,0
-8.42385E-05,0
-0.005952553,1
0.000903194,1
0.000851574,0
-0.015810821,0
-0.003841213,1
0.019566123,1
0.008253231,0
-0.000386139,0
-0.011586254,0
-0.006998286,0
-0.007218725,1
0.018474744,1
0.0004521,0
-0.004579374,1
0.004483913,0
-0.001696619,0
-0.001583297,1
0.002958236,0
-0.006377711,1
0.0118908,1
0.0094451,0
-0.001445909,1
0.000155058,0
-0.011222073,0
-0.007318638,1
0.008757691,1
0.013048987,1
1.66451E-05,0
-0.006108638,1
0.009854468,1
0.014534402,0
-0.002003563,1
0.002353883,0
-0.003811992,1
0.006188606,1
0.001148132,1
0.009321076,1
0.006932585,1
0.000819408,1
0.012178137,0
-0.003671619,0
-0.004735134,0
-0.005245277,1
0.003710754,0
-0.007658796,0
-0.00448678,1
0.011455778,0
-0.00035401,1
0.004473527,1
0.012269018,1
0.001170687,0
-0.001968314,0
-0.007922515,0
-0.00286518,1
0.002405119,1
0.006742215,1
0.007411145,1
0.00847018,0
-0.001024381,1
0.003855356,1
0.007117288,1
0.002357859,0
-0.006756875,1
0.0003241548269,0
